TS,Reading
1,-2.2
2,-1.8
3,-1.6
4,-1.5
5,-1.8
6,-1.6
7,-1.6
8,-1.6
9,-1.6
10,-1.9
11,-2.1
12,-2.5
13,-2.3
14,-1.8
15,-1.5
16,-1.6
17,-1.9
18,-2
19,-1.9
20,-1.6
21,-1.8
22,-1.8
23,-1.7
24,-2.1
25,-2
26,-2
27,-1.8
28,-1.4
29,-1.3
30,-1.4
31,-1.5
32,-1.9
33,-2.2
34,-1.9
35,-1.4
36,-1.4
37,-1.8
38,-1.9
39,-1.9
40,-2.1
41,-2.8
42,-3
43,-3.2
44,-2.6
45,-2.4
46,-2.2
47,-1.6
48,-1.1
49,-0.9
50,-0.9
51,-1.3
52,-1.2
53,-1.1
54,-1.5
55,-1.8
56,-1.6
57,-1.6
58,-1.2
59,-0.7
60,-0.7
61,-0.5
62,-0.1
63,0.2
64,-0.3
65,-0.4
66,-0.3
67,-0.1
68,0.3
69,0.4
70,0.5
71,0.1
72,-0.3
73,-0.2
74,-0.2
75,-0.6
76,-1.1
77,-0.8
78,-0.6
79,-0.7
80,-0.9
81,-1
82,-1.3
83,-1.5
84,-1.6
85,-1.7
86,-1.3
87,-1.4
88,-1.4
89,-1.4
90,-1.6
91,-1.7
92,-1.8
93,-1.6
94,-2.1
95,-2.2
96,-1.8
97,-1.9
98,-1.9
99,-2.1
100,-2.4
101,-2.5
102,-2.2
103,-2.5
104,-2.6
105,-2.5
106,-2.5
107,-2.6
108,-2.2
109,-2
110,-1.9
111,-2.1
112,-2.4
113,-2.5
114,-2.3
115,-2.1
116,-2
117,-2.2
118,-2.1
119,-2.3
120,-2.1
121,-1.4
122,-0.8
123,-0.6
124,-0.4
125,0.1
126,0.9
127,0.5
128,0.4
129,1.6
130,2.5
131,4.3
132,6.7
133,8.4
134,9.9
135,11.2
136,11.6
137,11.8
138,11.9
139,10.9
140,8.1
141,5.7
142,3.8
143,2.5
144,1.7
145,0
146,-1.9
147,-2.7
148,-2.7
149,-2.2
150,-1.8
151,-1.3
152,-1.1
153,-1
154,-1.4
155,-2.1
156,-1.9
157,-2.2
158,-2.2
159,-2
160,-2
161,-1.7
162,-1.9
163,-2.1
164,-2.3
165,-1.8
166,-2
167,-2.3
168,-2.2
169,-1.8
170,-1.8
171,-2.1
172,-2.6
173,-3
174,-2.8
175,-2.3
176,-1.7
177,-2.1
178,-2.4
179,-2.5
180,-2.5
181,-2.5
182,-2.4
183,-2.3
184,-2.3
185,-2.3
186,-2.5
187,-2.7
188,-2.3
189,-2.3
190,-2.2
191,-1.9
192,-1.7
193,-1.7
194,-1.6
195,-1.9
196,-2.1
197,-2.5
198,-2.2
199,-2
200,-2.2
201,-1.8
202,-2.3
203,-2.4
204,-2.1
205,-1.9
206,-2.1
207,-1.8
208,-1.5
209,-1.5
210,-1.6
211,-1.6
212,-1.6
213,-1.7
214,-2.2
215,-2.1
216,-1.5
217,-1.3
218,-1.4
219,-1.4
220,-1.3
221,-1.2
222,-1.1
223,-1.5
224,-1.7
225,-1.4
226,-1.3
227,-1.7
228,-1.3
229,-1
230,-0.7
231,-0.7
232,-0.9
233,-0.9
234,-1.1
235,-1.4
236,-0.8
237,-0.3
238,-0.6
239,-1.1
240,-1.1
241,-0.8
242,-0.8
243,-0.6
244,-0.4
245,-0.2
246,-0.2
247,-0.3
248,0
249,0.9
250,1.2
251,1.3
252,0.6
253,0.6
254,0.9
255,1.1
256,1.2
257,1.1
258,1.1
259,0.9
260,0.7
261,0.7
262,1
263,1.5
264,1.4
265,1
266,1.6
267,1.8
268,1.8
269,1.7
270,1.6
271,1.7
272,1.6
273,1.6
274,1.6
275,1.7
276,1.6
277,1.8
278,1.5
279,1.4
280,1.6
281,2
282,2.1
283,1.7
284,1.4
285,1.5
286,1.4
287,0.7
288,0.6
289,0.9
290,1.2
291,1.3
292,1.1
293,0.9
294,0.8
295,0.7
296,0.7
297,0.5
298,0.1
299,0
300,0.3
301,0.6
302,0.3
303,0.4
304,0.6
305,0.2
306,-0.5
307,-0.4
308,-0.2
309,-0.4
310,-0.1
311,0
312,-0.4
313,-0.8
314,-1
315,-1.3
316,-1.1
317,-0.7
318,-1.1
319,-1.6
320,-1.7
321,-1.3
322,-1.6
323,-1.6
324,-1.6
325,-1.1
326,0
327,0
328,-0.6
329,-1.3
330,-1.5
331,-1.6
332,-1.5
333,-1.4
334,-1.4
335,-1.4
336,-1.1
337,-1
338,-1.1
339,-0.9
340,-0.9
341,-1
342,-1.2
343,-1.3
344,-1.4
345,-1.5
346,-1.6
347,-1.2
348,-1.3
349,-1.6
350,-1.5
351,-1.6
352,-1.6
353,-1.5
354,-1.1
355,-1
356,-1
357,-1
358,-0.7
359,-1
360,-1.3
361,-1.5
362,-1.7
363,-1.6
364,-1.7
365,-1.6
366,-1.5
367,-1.3
368,-1
369,-1.3
370,-1.4
371,-1.4
372,-1.1
373,-1
374,-1.4
375,-1.9
376,-1.7
377,-1.4
378,-1.1
379,-1
380,-0.7
381,-0.8
382,-0.9
383,-0.9
384,-0.8
385,-0.8
386,-0.9
387,-1
388,-1
389,-1.1
390,-0.9
391,-0.8
392,-0.8
393,-0.8
394,-0.7
395,-0.5
396,-0.8
397,-1.1
398,-1.2
399,-1.1
400,-0.7
401,-0.8
402,-1.2
403,-1.3
404,-1.6
405,-1.5
406,-0.9
407,-0.9
408,-1.2
409,-1.1
410,-1
411,-1.1
412,-1.2
413,-1.3
414,-1.5
415,-1.8
416,-1.9
417,-1.6
418,-1.3
419,-1.2
420,-0.7
421,-0.7
422,-0.7
423,-0.7
424,-1
425,-1.3
426,-1.2
427,-1.2
428,-1.4
429,-1.6
430,-1.8
431,-1.3
432,-1.2
433,-1.5
434,-1.7
435,-1.5
436,-1.7
437,-1.6
438,-1.1
439,-1.1
440,-1.6
441,-2
442,-2.3
443,-2
444,-1.8
445,-1.6
446,-1.1
447,-1
448,-1.1
449,-1.4
450,-1.8
451,-2.3
452,-1.8
453,-1.4
454,-1.4
455,-1.5
456,-1.4
457,-1.4
458,-2
459,-2.6
460,-2.8
461,-2.7
462,-2.4
463,-1.9
464,-1.8
465,-1.7
466,-1.4
467,-1.3
468,-1.5
469,-1.7
470,-1.7
471,-1.5
472,-1.4
473,-1.6
474,-1.8
475,-1.9
476,-1.4
477,-1.6
478,-1.9
479,-2.1
480,-2.2
481,-2.2
482,-1.9
483,-1.9
484,-1.7
485,-1.7
486,-1.6
487,-1.7
488,-1.3
489,-1.5
490,-1.6
491,-1.7
492,-1.6
493,-1.3
494,-1.5
495,-1.7
496,-1.7
497,-1.8
498,-1.8
499,-1.6
500,-2
501,-2.2
502,-2.2
503,-2
504,-1.8
505,-1.5
506,-1.7
507,-1.8
508,-1.6
509,-1.6
510,-1.7
511,-1.6
512,-1.5
513,-1.8
514,-1.9
515,-2.2
516,-2.3
517,-2.2
518,-1.9
519,-2.5
520,-2.4
521,-2.1
522,-2.3
523,-2.3
524,-2
525,-1.7
526,-1.6
527,-1.5
528,-1.3
529,-1.5
530,-1.5
531,-1.2
532,-1
533,-1
534,-0.9
535,-0.7
536,-0.7
537,-0.9
538,-0.7
539,-0.5
540,-0.4
541,-0.5
542,-0.9
543,-1.1
544,-1.3
545,-1
546,-0.3
547,0
548,0.3
549,0.2
550,0.1
551,0
552,-0.6
553,-1.2
554,-0.3
555,0.8
556,0.7
557,0.3
558,0.2
559,-0.3
560,-0.6
561,-0.8
562,-1.2
563,-1.6
564,-1.2
565,-0.7
566,-0.5
567,-0.3
568,-0.3
569,-0.6
570,-1.3
571,-2.2
572,-2.3
573,-2.2
574,-2.2
575,-1.7
576,-1
577,-0.9
578,-0.8
579,-1.4
580,-2.1
581,-2.2
582,-2.2
583,-2.2
584,-2.1
585,-1.9
586,-2.2
587,-2.1
588,-1.7
589,-1.6
590,-1.6
591,-1.9
592,-2.4
593,-2.6
594,-2.4
595,-2.1
596,-2
597,-1.7
598,-2.2
599,-2.4
600,-2
601,-1.5
602,-1.4
603,-1.5
604,-1.1
605,-0.6
606,-0.5
607,-0.4
608,-0.3
609,-0.2
610,0.2
611,0.6
612,1
613,2
614,3.4
615,5.3
616,7.3
617,9.2
618,10.3
619,11.1
620,11.4
621,11.6
622,11.5
623,10.4
624,8
625,5.7
626,4.1
627,3
628,1.9
629,0.4
630,-0.8
631,-1.3
632,-1.1
633,-1.5
634,-1.6
635,-1.3
636,-1.3
637,-1
638,-0.8
639,-1.1
640,-1.4
641,-1.5
642,-1.6
643,-1.9
644,-2
645,-2
646,-2
647,-2
648,-2
649,-1.8
650,-1.8
651,-1.8
652,-1.7
653,-2.2
654,-2.6
655,-2.1
656,-1.9
657,-1.7
658,-1.5
659,-1.4
660,-1.5
661,-1.3
662,-1.7
663,-1.8
664,-1.9
665,-2.2
666,-2.1
667,-2.1
668,-2.1
669,-1.8
670,-1.3
671,-1.9
672,-2.2
673,-1.8
674,-1.2
675,-1.6
676,-2
677,-2.6
678,-2.4
679,-1.7
680,-1
681,-1
682,-1.1
683,-1.1
684,-1.3
685,-1.7
686,-1.6
687,-1.8
688,-2.1
689,-1.9
690,-1.7
691,-1.7
692,-1.4
693,-1.5
694,-1.5
695,-1.8
696,-1.5
697,-1.2
698,-1
699,-1.2
700,-1.3
701,-1.3
702,-1.2
703,-0.7
704,-0.8
705,-0.6
706,-0.7
707,-0.9
708,-1
709,-1
710,-0.8
711,-0.7
712,-0.9
713,-1.2
714,-0.9
715,-0.7
716,-0.9
717,-0.8
718,-0.4
719,-0.3
720,-0.4
721,-0.6
722,-0.7
723,-0.5
724,-0.3
725,-0.6
726,-0.7
727,0
728,0.4
729,0.7
730,1.2
731,1.3
732,1.6
733,1.6
734,1.3
735,1.1
736,0.9
737,1
738,1
739,0.8
740,0.5
741,0.5
742,0.6
743,0.9
744,1.2
745,1.4
746,1.1
747,1
748,1.5
749,2.1
750,2.4
751,2.4
752,2.2
753,2
754,1.7
755,1.7
756,2.1
757,2.3
758,2.3
759,2.3
760,1.9
761,1.6
762,1.9
763,2.3
764,2.4
765,2.2
766,1.9
767,1.4
768,1.3
769,1.8
770,2.4
771,2.3
772,2.2
773,1.9
774,1.4
775,1.1
776,1
777,0.8
778,0.7
779,0.6
780,0.4
781,0.3
782,0.6
783,0.6
784,0.7
785,0.2
786,-0.1
787,0.1
788,0.3
789,0.2
790,0
791,0
792,-0.3
793,0
794,0.4
795,-0.2
796,-0.1
797,-0.1
798,-0.7
799,-1.1
800,-1
801,-0.9
802,-0.6
803,-0.1
804,0.2
805,0
806,-0.6
807,-1.1
808,-1.3
809,-1.3
810,-0.9
811,-0.8
812,-1.2
813,-1.4
814,-1
815,-0.6
816,-0.9
817,-1.3
818,-1.1
819,-1
820,-1.2
821,-1.2
822,-1.3
823,-1.2
824,-0.9
825,-1
826,-1.4
827,-1.3
828,-1.3
829,-1.1
830,-1.2
831,-1.2
832,-1.3
833,-1.5
834,-1.5
835,-1.2
836,-0.9
837,-0.8
838,-0.9
839,-0.9
840,-1.1
841,-1.2
842,-1.4
843,-1.4
844,-1.6
845,-1.4
846,-1.2
847,-0.9
848,-0.7
849,-1.1
850,-1.4
851,-1.4
852,-1.2
853,-1.2
854,-1.4
855,-1.4
856,-1.4
857,-1.6
858,-1.7
859,-1.3
860,-0.9
861,-0.5
862,-0.6
863,-0.8
864,-1.1
865,-1.7
866,-1.6
867,-1.1
868,-1.2
869,-1
870,-1
871,-0.9
872,-0.8
873,-0.7
874,-0.6
875,-0.7
876,-0.9
877,-0.9
878,-1.2
879,-1.2
880,-1
881,-1
882,-0.6
883,-0.9
884,-1.2
885,-1.3
886,-1
887,-0.9
888,-0.9
889,-1.4
890,-1.5
891,-0.8
892,-1.1
893,-1.3
894,-1.2
895,-1.2
896,-1.1
897,-0.9
898,-0.9
899,-0.8
900,-0.7
901,-1
902,-1
903,-1
904,-1.2
905,-1.2
906,-1.2
907,-1.3
908,-1.2
909,-1.3
910,-1.5
911,-1.7
912,-1.8
913,-1.3
914,-0.9
915,-1.6
916,-1.7
917,-1.5
918,-1.4
919,-1.4
920,-1.3
921,-1.2
922,-1.2
923,-1.4
924,-1.6
925,-1.5
926,-0.9
927,-1
928,-1.4
929,-1.6
930,-1.6
931,-1.2
932,-0.9
933,-1.2
934,-1.7
935,-1.6
936,-1.4
937,-1
938,-1.3
939,-1.3
940,-1.4
941,-1.6
942,-1.3
943,-1.3
944,-1.5
945,-1.3
946,-1.1
947,-1.1
948,-1.3
949,-1.9
950,-2
951,-1.6
952,-1.3
953,-1.6
954,-1.6
955,-1.6
956,-1.4
957,-1.4
958,-1.4
959,-1.2
960,-1.6
961,-2.2
962,-2
963,-2.2
964,-1.8
965,-1.4
966,-1.4
967,-1.7
968,-1.9
969,-2
970,-1.9
971,-1.9
972,-2.2
973,-2
974,-1.7
975,-2.1
976,-2.2
977,-2
978,-1.5
979,-0.9
980,-0.8
981,-1
982,-1.3
983,-1.5
984,-1.7
985,-1.8
986,-1.8
987,-1.9
988,-1.7
989,-1.7
990,-1.8
991,-1.7
992,-1.6
993,-1.9
994,-1.9
995,-1.9
996,-2.1
997,-1.8
998,-1.6
999,-1.7
1000,-1.6
1001,-1.5
1002,-1.2
1003,-1.1
1004,-1.1
1005,-1.3
1006,-1.5
1007,-1.3
1008,-1.3
1009,-1
1010,-1.7
1011,-1.7
1012,-1.6
1013,-1.7
1014,-2.1
1015,-1.7
1016,-1.2
1017,-1.5
1018,-1.5
1019,-1.5
1020,-1.6
1021,-1.6
1022,-1.3
1023,-1.5
1024,-1.6
1025,-1.5
1026,-1.5
1027,-1.2
1028,-0.9
1029,-0.7
1030,-0.6
1031,-0.4
1032,-0.6
1033,-1.2
1034,-2
1035,-1.5
1036,-0.8
1037,-0.6
1038,-0.3
1039,-0.1
1040,-0.1
1041,-0.1
1042,-0.3
1043,-0.5
1044,-0.2
1045,-0.1
1046,-0.1
1047,0
1048,-0.1
1049,-0.6
1050,-0.7
1051,-0.5
1052,-1.2
1053,-1.2
1054,-0.7
1055,-0.3
1056,-0.1
1057,-0.4
1058,-0.4
1059,-0.6
1060,-0.8
1061,-1.3
1062,-1.2
1063,-1.3
1064,-1.4
1065,-1.5
1066,-2
1067,-2
1068,-1.8
1069,-1.8
1070,-1.9
1071,-1.9
1072,-2.5
1073,-2.3
1074,-2.2
1075,-2.4
1076,-2.2
1077,-2.4
1078,-2.7
1079,-2.6
1080,-2.8
1081,-2.6
1082,-2.7
1083,-2.6
1084,-2.4
1085,-2.3
1086,-2.5
1087,-2.4
1088,-2.5
1089,-2
1090,-1.7
1091,-1.8
1092,-1.6
1093,-1.5
1094,-1.7
1095,-1.6
1096,-1.3
1097,-1.2
1098,-1.1
1099,-0.8
1100,-0.3
1101,0.2
1102,0
1103,0.4
1104,1.5
1105,2.5
1106,4.5
1107,6.2
1108,7.5
1109,9.1
1110,10
1111,10.1
1112,10.8
1113,11.3
1114,9.9
1115,6.8
1116,4.2
1117,3.1
1118,2.4
1119,0.9
1120,-0.7
1121,-2.3
1122,-2.6
1123,-1.9
1124,-1.2
1125,-1.1
1126,-1.1
1127,-1.2
1128,-1.5
1129,-2.1
1130,-2.5
1131,-2.8
1132,-3
1133,-3
1134,-2.6
1135,-2.3
1136,-2.1
1137,-1.5
1138,-1.7
1139,-2.2
1140,-2.1
1141,-1.7
1142,-2
1143,-2.3
1144,-2.4
1145,-2.6
1146,-2.3
1147,-2.3
1148,-2.3
1149,-2.4
1150,-2.5
1151,-2.8
1152,-3.2
1153,-3.3
1154,-2.9
1155,-2.3
1156,-2.2
1157,-2.2
1158,-1.9
1159,-1.7
1160,-2
1161,-2.2
1162,-2.5
1163,-2.5
1164,-2.3
1165,-2.1
1166,-2.1
1167,-2.3
1168,-2.2
1169,-2.2
1170,-2.1
1171,-2.4
1172,-2.5
1173,-2.3
1174,-2
1175,-2.2
1176,-1.9
1177,-2.4
1178,-2.7
1179,-2.4
1180,-2.2
1181,-1.7
1182,-1.4
1183,-2
1184,-2.4
1185,-2.3
1186,-2.1
1187,-2.1
1188,-1.9
1189,-1.7
1190,-1.5
1191,-1.5
1192,-1.6
1193,-1.5
1194,-1.9
1195,-2
1196,-1.9
1197,-1.9
1198,-1.5
1199,-1.4
1200,-1.4
1201,-0.9
1202,-1.2
1203,-1.3
1204,-1.2
1205,-0.9
1206,-0.9
1207,-1
1208,-1
1209,-1.1
1210,-1.3
1211,-1.4
1212,-1.5
1213,-1.3
1214,-1
1215,-0.7
1216,-0.2
1217,0.3
1218,0.5
1219,0.4
1220,0.2
1221,-0.2
1222,-0.2
1223,-0.1
1224,-0.1
1225,-0.4
1226,0
1227,0.6
1228,0.7
1229,0.5
1230,0.3
1231,0.4
1232,0.4
1233,0.3
1234,0.1
1235,0.3
1236,1.1
1237,1.8
1238,1.5
1239,1.4
1240,1.2
1241,1.2
1242,1.6
1243,1.9
1244,2.1
1245,1.6
1246,1.1
1247,1.2
1248,1.1
1249,1.4
1250,1.2
1251,1.3
1252,1.4
1253,1.6
1254,1.5
1255,1.3
1256,1.6
1257,1.1
1258,0.7
1259,0.8
1260,1.3
1261,1.3
1262,0.7
1263,0.9
1264,1
1265,0.7
1266,0.8
1267,0.8
1268,1.1
1269,0.9
1270,0.1
1271,-0.3
1272,-0.3
1273,0
1274,0.4
1275,0.2
1276,-0.6
1277,-0.5
1278,-0.5
1279,-0.7
1280,-0.2
1281,-0.4
1282,-0.6
1283,-0.6
1284,-0.8
1285,-1
1286,-0.9
1287,-0.9
1288,-0.9
1289,-1
1290,-1.2
1291,-1
1292,-1.1
1293,-1.7
1294,-1.4
1295,-0.9
1296,-1.2
1297,-1.1
1298,-1.2
1299,-1.5
1300,-1.6
1301,-1.9
1302,-2.1
1303,-2
1304,-1.8
1305,-1.9
1306,-1.8
1307,-1.8
1308,-1.8
1309,-1.7
1310,-1.7
1311,-1.6
1312,-1.1
1313,-1.6
1314,-1.7
1315,-1.6
1316,-1.7
1317,-2.2
1318,-2.1
1319,-1.6
1320,-1.5
1321,-1.9
1322,-2
1323,-2.4
1324,-2.4
1325,-2.4
1326,-2.2
1327,-1.9
1328,-1.9
1329,-2.3
1330,-2.3
1331,-2.2
1332,-2.5
1333,-2
1334,-1.8
1335,-1.8
1336,-1.8
1337,-1.9
1338,-1.8
1339,-2
1340,-2.1
1341,-1.9
1342,-1.9
1343,-1.9
1344,-1.9
1345,-1.9
1346,-2.2
1347,-2
1348,-1.8
1349,-1.7
1350,-1.9
1351,-2
1352,-2
1353,-2.5
1354,-2.4
1355,-2.3
1356,-2.4
1357,-1.9
1358,-1.3
1359,-1.3
1360,-1.7
1361,-1.8
1362,-1.9
1363,-2
1364,-2.3
1365,-2.1
1366,-1.9
1367,-1.9
1368,-1.8
1369,-1.7
1370,-2
1371,-2
1372,-1.9
1373,-1.5
1374,-0.7
1375,-1.2
1376,-2.4
1377,-2.4
1378,-1.9
1379,-1.8
1380,-1.3
1381,-1
1382,-1.2
1383,-1.8
1384,-1.6
1385,-1.8
1386,-2
1387,-2.2
1388,-2.2
1389,-2.1
1390,-2.2
1391,-2.1
1392,-1.8
1393,-1.7
1394,-2.1
1395,-1.7
1396,-1.2
1397,-1.5
1398,-2
1399,-2.2
1400,-1.8
1401,-1.7
1402,-1.9
1403,-2.5
1404,-2.3
1405,-2.1
1406,-2.2
1407,-2.1
1408,-2.1
1409,-2.3
1410,-2.5
1411,-2.5
1412,-2.3
1413,-2
1414,-1.7
1415,-1.8
1416,-1.7
1417,-1.9
1418,-2.1
1419,-2.4
1420,-2.2
1421,-2.3
1422,-2.4
1423,-2.2
1424,-1.9
1425,-1.7
1426,-1.8
1427,-1.6
1428,-1.8
1429,-2.1
1430,-2.1
1431,-2.1
1432,-2.2
1433,-2.3
1434,-2.8
1435,-2.5
1436,-1.6
1437,-1.5
1438,-1.6
1439,-2.2
1440,-2.5
1441,-2.5
1442,-2.4
1443,-2.6
1444,-2.2
1445,-2.2
1446,-2.1
1447,-2.5
1448,-2.8
1449,-2.9
1450,-2.7
1451,-2.8
1452,-2.6
1453,-2.7
1454,-2.5
1455,-2.4
1456,-1.9
1457,-1.5
1458,-1.9
1459,-2.2
1460,-2
1461,-2.1
1462,-2.1
1463,-1.9
1464,-1.9
1465,-2.1
1466,-2.2
1467,-2.5
1468,-2.6
1469,-2.7
1470,-2.3
1471,-2.5
1472,-2.5
1473,-2.2
1474,-2.3
1475,-2.2
1476,-2.4
1477,-2.1
1478,-1.7
1479,-1.9
1480,-2.3
1481,-2.5
1482,-2.1
1483,-1.8
1484,-1.8
1485,-1.8
1486,-1.5
1487,-1.7
1488,-2.5
1489,-2.5
1490,-2.2
1491,-2.1
1492,-1.5
1493,-0.9
1494,-0.8
1495,-1
1496,-1.2
1497,-1.4
1498,-1.7
1499,-2.1
1500,-2.3
1501,-2
1502,-1.6
1503,-1.4
1504,-0.8
1505,-0.6
1506,-0.8
1507,-0.7
1508,-0.8
1509,-0.8
1510,-0.8
1511,-0.6
1512,-0.4
1513,-0.1
1514,0
1515,-0.2
1516,-0.6
1517,-0.4
1518,-0.3
1519,0
1520,-0.1
1521,-1.1
1522,-1.7
1523,-1.6
1524,-1.7
1525,-1.8
1526,-1.7
1527,-1.1
1528,-0.6
1529,-0.8
1530,-1.3
1531,-1.4
1532,-1.4
1533,-1.6
1534,-2.1
1535,-2.1
1536,-2
1537,-2.1
1538,-2.5
1539,-2.8
1540,-2.6
1541,-2.5
1542,-2.5
1543,-2.7
1544,-2.7
1545,-2.5
1546,-2.5
1547,-2.7
1548,-2.8
1549,-3.2
1550,-3.5
1551,-3
1552,-2.8
1553,-2.4
1554,-2.5
1555,-2.5
1556,-2.9
1557,-2.9
1558,-2.4
1559,-2.4
1560,-2.1
1561,-2.2
1562,-2.7
1563,-2.6
1564,-1.9
1565,-1.6
1566,-1.3
1567,-1.2
1568,-1.1
1569,-0.8
1570,-0.4
1571,-0.4
1572,-0.3
1573,0
1574,0.7
1575,2.2
1576,4.6
1577,6.3
1578,7.3
1579,9.1
1580,11.1
1581,11.2
1582,11
1583,11.2
1584,10.5
1585,8.1
1586,5.6
1587,3.9
1588,2.7
1589,1.8
1590,0
1591,-2.6
1592,-3.7
1593,-3.4
1594,-2.7
1595,-2
1596,-1.2
1597,-0.9
1598,-1.1
1599,-1.2
1600,-1.4
1601,-1.7
1602,-2.1
1603,-2.1
1604,-1.7
1605,-1.5
1606,-1.7
1607,-1.9
1608,-2.3
1609,-2.6
1610,-2.6
1611,-2.5
1612,-2.3
1613,-2.3
1614,-2.3
1615,-2.1
1616,-2
1617,-2.2
1618,-2.4
1619,-2.2
1620,-2.1
1621,-2.4
1622,-2.4
1623,-1.9
1624,-2.2
1625,-2.3
1626,-1.9
1627,-1.9
1628,-1.7
1629,-2
1630,-2.3
1631,-2.1
1632,-2.1
1633,-2.3
1634,-2.1
1635,-1.6
1636,-1.4
1637,-1.6
1638,-2.1
1639,-2.3
1640,-2.2
1641,-2.1
1642,-1.9
1643,-1.5
1644,-1.3
1645,-1.7
1646,-1.9
1647,-2.1
1648,-2.1
1649,-1.9
1650,-1.7
1651,-1.5
1652,-1.6
1653,-1.6
1654,-1.9
1655,-2
1656,-1.8
1657,-1.7
1658,-1.9
1659,-1.8
1660,-1.2
1661,-1.4
1662,-2
1663,-2.3
1664,-1.7
1665,-1.2
1666,-1.1
1667,-1
1668,-0.7
1669,-0.3
1670,-0.9
1671,-1
1672,-1.1
1673,-1.1
1674,-0.9
1675,-0.9
1676,-1
1677,-0.9
1678,-0.9
1679,-1
1680,-0.8
1681,-0.5
1682,-0.7
1683,-0.4
1684,-0.2
1685,0.1
1686,-0.1
1687,-0.7
1688,-1
1689,-0.6
1690,-0.5
1691,-0.4
1692,-0.2
1693,-0.1
1694,0
1695,0
1696,0
1697,0.1
1698,0.1
1699,0.3
1700,0.6
1701,0.7
1702,1
1703,0.9
1704,0.9
1705,0.8
1706,1.1
1707,1.3
1708,1.4
1709,1.4
1710,1.4
1711,1.6
1712,1.9
1713,1.8
1714,1.6
1715,1.5
1716,1.6
1717,1.6
1718,1.6
1719,1.9
1720,2.2
1721,1.9
1722,1.7
1723,1.5
1724,1.2
1725,1.7
1726,1.8
1727,2.1
1728,2.4
1729,2.4
1730,2
1731,1.3
1732,1.3
1733,1.6
1734,1.3
1735,1.3
1736,1.3
1737,1.3
1738,0.8
1739,0.4
1740,0.5
1741,0.3
1742,-0.1
1743,-0.5
1744,-0.4
1745,-0.1
1746,0.1
1747,0.2
1748,0.7
1749,0.8
1750,0.5
1751,0.4
1752,0.3
1753,0
1754,-0.4
1755,-0.3
1756,-0.7
1757,-1.2
1758,-0.9
1759,-0.4
1760,-0.6
1761,-0.6
1762,-0.4
1763,-0.1
1764,-0.7
1765,-0.7
1766,-0.6
1767,-0.7
1768,-1
1769,-1
1770,-1
1771,-1.4
1772,-1.2
1773,-1.2
1774,-1.4
1775,-1.5
1776,-1.5
1777,-1.2
1778,-1.2
1779,-0.8
1780,-0.8
1781,-0.9
1782,-0.6
1783,-0.5
1784,-0.7
1785,-1.2
1786,-1.4
1787,-1.4
1788,-1.4
1789,-0.8
1790,-0.7
1791,-0.9
1792,-1.2
1793,-1.2
1794,-0.9
1795,-1.4
1796,-1.5
1797,-1.2
1798,-0.8
1799,-0.7
1800,-0.9
1801,-1.2
1802,-1.2
1803,-1
1804,-0.7
1805,-1.2
1806,-1.8
1807,-1.8
1808,-1.2
1809,-0.7
1810,-1
1811,-1.2
1812,-1.2
1813,-1.4
1814,-1.6
1815,-1.7
1816,-1.3
1817,-0.9
1818,-0.6
1819,-0.3
1820,-0.5
1821,-0.9
1822,-1.3
1823,-1.2
1824,-0.7
1825,-0.7
1826,-0.8
1827,-0.7
1828,-0.4
1829,-0.5
1830,-0.3
1831,-0.4
1832,-1
1833,-1.1
1834,-1.2
1835,-1
1836,-1
1837,-1
1838,-1
1839,-0.9
1840,-1.1
1841,-1.1
1842,-1
1843,-1.3
1844,-1.5
1845,-1.5
1846,-0.8
1847,-0.3
1848,-0.6
1849,-0.5
1850,-1
1851,-1.1
1852,-0.9
1853,-0.7
1854,-0.8
1855,-0.9
1856,-0.5
1857,-0.6
1858,-0.7
1859,-0.3
1860,-0.3
1861,-0.4
1862,-0.1
1863,-0.2
1864,-0.5
1865,-0.9
1866,-0.9
1867,-1
1868,-1
1869,-1.2
1870,-1.4
1871,-1.5
1872,-1.3
1873,-0.4
1874,-0.6
1875,-0.8
1876,-0.8
1877,-1
1878,-1.2
1879,-1
1880,-0.9
1881,-1.1
1882,-1.6
1883,-1.6
1884,-1.3
1885,-1
1886,-1.2
1887,-1.2
1888,-1.1
1889,-1.3
1890,-1.4
1891,-1.3
1892,-1
1893,-1.3
1894,-1.9
1895,-1.6
1896,-1.3
1897,-1.3
1898,-1.3
1899,-1.3
1900,-1.4
1901,-1.3
1902,-1.5
1903,-1.8
1904,-2.4
1905,-2.4
1906,-1.7
1907,-1.2
1908,-0.9
1909,-1
1910,-1
1911,-1.1
1912,-1.3
1913,-1.5
1914,-1.4
1915,-1.4
1916,-1.1
1917,-1.3
1918,-1.9
1919,-1.7
1920,-1.3
1921,-1.1
1922,-0.9
1923,-1.3
1924,-1.2
1925,-1.5
1926,-1.4
1927,-1.4
1928,-1.4
1929,-1.6
1930,-1.8
1931,-1.9
1932,-2
1933,-1.9
1934,-1.8
1935,-2.2
1936,-2
1937,-1.6
1938,-1.2
1939,-1.7
1940,-1.8
1941,-1.3
1942,-1.4
1943,-1.5
1944,-1.7
1945,-1.9
1946,-2.2
1947,-2.1
1948,-1.3
1949,-0.8
1950,-1.1
1951,-1.4
1952,-1.6
1953,-1.6
1954,-1.7
1955,-1.8
1956,-1.6
1957,-1.6
1958,-1.7
1959,-1
1960,-0.6
1961,-1.3
1962,-1.7
1963,-1.7
1964,-0.8
1965,-0.2
1966,-0.2
1967,-0.5
1968,-0.8
1969,-0.9
1970,-0.7
1971,-0.6
1972,-0.7
1973,-0.1
1974,0.5
1975,0.1
1976,0
1977,0.1
1978,0
1979,0
1980,0
1981,-0.3
1982,-0.8
1983,-1
1984,-0.5
1985,-0.1
1986,0.1
1987,0.1
1988,0
1989,-0.2
1990,-0.4
1991,-0.4
1992,-0.5
1993,-1
1994,-1.5
1995,-1.5
1996,-1.1
1997,-0.8
1998,-1.2
1999,-1.4
2000,-1.8
2001,-2.2
2002,-2.3
2003,-2.1
2004,-2.4
2005,-3
2006,-2.6
2007,-2.4
2008,-2.1
2009,-2
2010,-1.8
2011,-1.9
2012,-1.8
2013,-2
2014,-2.1
2015,-1.8
2016,-1.6
2017,-2
2018,-1.9
2019,-1.6
2020,-1.7
2021,-1.7
2022,-1.6
2023,-1.9
2024,-2.6
2025,-2.8
2026,-2.8
2027,-2.4
2028,-2.3
2029,-2.2
2030,-1.8
2031,-1.6
2032,-1.4
2033,-1
2034,-0.9
2035,-0.8
2036,-0.6
2037,-0.1
2038,0.3
2039,0.5
2040,0.8
2041,1.4
2042,2.5
2043,4.2
2044,6
2045,7.6
2046,9.5
2047,10.7
2048,10.8
2049,11.3
2050,11.9
2051,11.2
2052,8.7
2053,5.9
2054,4.3
2055,3.2
2056,1.9
2057,0
2058,-2.2
2059,-3.3
2060,-3.4
2061,-3
2062,-2.5
2063,-1.6
2064,-1
2065,-1.3
2066,-1.3
2067,-1.4
2068,-1.6
2069,-1.9
2070,-1.9
2071,-1.7
2072,-1.9
2073,-2.3
2074,-1.9
2075,-1.4
2076,-1.2
2077,-1.5
2078,-1.9
2079,-2.5
2080,-2.4
2081,-2.1
2082,-2.1
2083,-2.4
2084,-2.7
2085,-2.5
2086,-2
2087,-2.2
2088,-2.4
2089,-2.8
2090,-3
2091,-2.8
2092,-2.9
2093,-2.8
2094,-2.4
2095,-2.2
2096,-2.1
2097,-2.3
2098,-2.5
2099,-2.5
2100,-2.5
2101,-2.6
2102,-2.7
2103,-2.2
2104,-1.6
2105,-1.6
2106,-1.8
2107,-1.6
2108,-1.9
2109,-2.2
2110,-2.3
2111,-2.3
2112,-2.5
2113,-2.5
2114,-2.7
2115,-2.9
2116,-2.7
2117,-2.2
2118,-1.9
2119,-2
2120,-1.9
2121,-2
2122,-2
2123,-1.7
2124,-1.6
2125,-2
2126,-2.2
2127,-1.9
2128,-1.8
2129,-1.5
2130,-1.7
2131,-1.7
2132,-1.5
2133,-1.4
2134,-1.4
2135,-1.3
2136,-1.6
2137,-2.2
2138,-1.7
2139,-1.5
2140,-1.7
2141,-1.8
2142,-1.8
2143,-1.8
2144,-1.8
2145,-1.4
2146,-1.4
2147,-1.5
2148,-1.9
2149,-1.7
2150,-1.5
2151,-1.6
2152,-1.5
2153,-1.3
2154,-0.9
2155,-0.5
2156,-0.3
2157,-0.1
2158,-0.1
2159,0
2160,0.1
2161,-0.4
2162,-0.8
2163,-0.7
2164,-0.7
2165,-0.4
2166,-0.2
2167,0
2168,0.3
2169,0.7
2170,0.8
2171,0.6
2172,0.7
2173,0.9
2174,0.8
2175,1.1
2176,1.2
2177,1.1
2178,1.1
2179,0.8
2180,0.9
2181,0.8
2182,1
2183,1
2184,1
2185,1.1
2186,0.9
2187,0.9
2188,1.2
2189,1.1
2190,0.4
2191,0.8
2192,0.6
2193,0.7
2194,1
2195,0.8
2196,0.6
2197,0.5
2198,0.4
2199,0.6
2200,0.9
2201,1.1
2202,0.8
2203,0.4
2204,0.4
2205,0.9
2206,0.9
2207,0.6
2208,0.4
2209,0
2210,-0.3
2211,-0.6
2212,-0.5
2213,-0.5
2214,-0.6
2215,-0.8
2216,-0.6
2217,-0.4
2218,-0.8
2219,-0.8
2220,-1
2221,-1
2222,-1.2
2223,-1.4
2224,-1.7
2225,-2
2226,-1.6
2227,-1.1
2228,-1.4
2229,-1.5
2230,-1.7
2231,-1.8
2232,-1.6
2233,-1.5
2234,-1.3
2235,-1.3
2236,-1.5
2237,-2.1
2238,-2.2
2239,-2.6
2240,-2.6
2241,-2.2
2242,-2
2243,-1.6
2244,-1.4
2245,-1.6
2246,-2
2247,-1.9
2248,-1.8
2249,-1.6
2250,-1.4
2251,-1.4
2252,-1.9
2253,-2.1
2254,-1.9
2255,-1.6
2256,-1.6
2257,-1.7
2258,-2.1
2259,-2.1
2260,-2
2261,-2.1
2262,-2.3
2263,-2.4
2264,-2
2265,-2.1
2266,-2.3
2267,-2.1
2268,-1.9
2269,-1.2
2270,-1.2
2271,-1.5
2272,-1.9
2273,-1.9
2274,-1.8
2275,-1.8
2276,-1.9
2277,-2
2278,-2.1
2279,-2.4
2280,-2.2
2281,-1.9
2282,-1.9
2283,-2.1
2284,-2.2
2285,-1.9
2286,-1.6
2287,-1.6
2288,-1.3
2289,-1.1
2290,-1.5
2291,-1.9
2292,-1.8
2293,-1.8
2294,-1.6
2295,-1.9
2296,-2.1
2297,-1.6
2298,-1
2299,-1
2300,-1.4
2301,-1.5
2302,-1.9
2303,-1.9
2304,-1.5
2305,-1
2306,-0.8
2307,-1
2308,-1.3
2309,-1.5
2310,-1.7
2311,-1.8
2312,-1.6
2313,-1.5
2314,-1.4
2315,-1.5
2316,-1.7
2317,-1.8
2318,-1.5
2319,-1.5
2320,-1.8
2321,-1.9
2322,-1.7
2323,-1.6
2324,-1.9
2325,-2
2326,-1.4
2327,-1.4
2328,-1.6
2329,-1.3
2330,-1.4
2331,-1.9
2332,-2.1
2333,-2.2
2334,-2.2
2335,-1.6
2336,-1.3
2337,-1.7
2338,-1.8
2339,-1.8
2340,-2.2
2341,-2.3
2342,-1.6
2343,-1.2
2344,-1.4
2345,-1.4
2346,-1.4
2347,-1.8
2348,-1.7
2349,-1.7
2350,-1.7
2351,-1.9
2352,-2.2
2353,-2.1
2354,-2
2355,-1.8
2356,-1.8
2357,-1.7
2358,-2.2
2359,-2
2360,-1.6
2361,-1.7
2362,-1.9
2363,-1.7
2364,-1.6
2365,-1.6
2366,-1.9
2367,-2.1
2368,-2.4
2369,-2.3
2370,-1.9
2371,-2.7
2372,-3
2373,-3
2374,-2.9
2375,-2.7
2376,-2.3
2377,-1.8
2378,-1.8
2379,-1.8
2380,-1.9
2381,-2
2382,-2.2
2383,-2.2
2384,-2.1
2385,-1.9
2386,-1.6
2387,-1.7
2388,-2.4
2389,-2.7
2390,-2.8
2391,-2.9
2392,-2.7
2393,-2.5
2394,-2.3
2395,-1.9
2396,-1.5
2397,-1.3
2398,-1.4
2399,-1.8
2400,-1.9
2401,-2.3
2402,-1.9
2403,-1.9
2404,-2.1
2405,-2.2
2406,-2.4
2407,-1.8
2408,-2
2409,-2.2
2410,-2.3
2411,-2.3
2412,-2.1
2413,-1.9
2414,-2
2415,-2.3
2416,-2
2417,-1.6
2418,-2
2419,-2.2
2420,-2.3
2421,-2.3
2422,-2.1
2423,-2.4
2424,-2.3
2425,-2.4
2426,-2.5
2427,-2.7
2428,-2.5
2429,-2.3
2430,-2.3
2431,-2.2
2432,-2.4
2433,-2.2
2434,-1.9
2435,-1.5
2436,-1.5
2437,-2.1
2438,-2.2
2439,-1.8
2440,-1.6
2441,-1.8
2442,-2
2443,-2.1
2444,-2.1
2445,-1.9
2446,-1.5
2447,-0.7
2448,-0.7
2449,-1.1
2450,-1.2
2451,-1.1
2452,-0.8
2453,-1
2454,-1.1
2455,-1.1
2456,-1.3
2457,-1
2458,-0.4
2459,-0.2
2460,-0.1
2461,0
2462,0
2463,-0.4
2464,-0.4
2465,-0.3
2466,-0.4
2467,-0.3
2468,-0.3
2469,-0.4
2470,-0.6
2471,-0.8
2472,-0.4
2473,-0.6
2474,-1
2475,-0.9
2476,-0.6
2477,-0.5
2478,-0.7
2479,-1.1
2480,-1.3
2481,-1.5
2482,-1.8
2483,-2
2484,-2
2485,-2.1
2486,-2.3
2487,-2
2488,-1.6
2489,-1.8
2490,-1.9
2491,-2.3
2492,-1.9
2493,-1.9
2494,-2.4
2495,-2.6
2496,-2
2497,-2
2498,-2.2
2499,-1.9
2500,-2.1
2501,-2.1
2502,-2.1
2503,-2
2504,-1.8
2505,-2
2506,-2.4
2507,-2.8
2508,-2.7
2509,-2.5
2510,-2.3
2511,-2.3
2512,-2.3
2513,-2.7
2514,-2.3
2515,-1.3
2516,-1
2517,-0.5
2518,-0.7
2519,-0.8
2520,-0.5
2521,-0.5
2522,-0.1
2523,0.1
2524,0.4
2525,1.7
2526,3
2527,4.2
2528,5.9
2529,7.7
2530,9.3
2531,10.7
2532,11.1
2533,11.3
2534,11.6
2535,11.3
2536,8.8
2537,5.5
2538,3.1
2539,2
2540,0.8
2541,-0.3
2542,-1.8
2543,-2.4
2544,-2
2545,-1.6
2546,-1.2
2547,-0.8
2548,-1
2549,-1.2
2550,-1.5
2551,-1.7
2552,-1.4
2553,-1.2
2554,-1.5
2555,-2
2556,-2.3
2557,-2.7
2558,-2.4
2559,-1.7
2560,-1.5
2561,-1.6
2562,-1.5
2563,-2.1
2564,-2.4
2565,-2.5
2566,-2.6
2567,-2.5
2568,-2.2
2569,-2.1
2570,-2.1
2571,-2.2
2572,-2.4
2573,-2.2
2574,-1.8
2575,-1.9
2576,-2.1
2577,-2.1
2578,-1.9
2579,-2
2580,-2.1
2581,-2.2
2582,-2.2
2583,-2.4
2584,-2.3
2585,-2.1
2586,-2.2
2587,-2.3
2588,-2.5
2589,-2.9
2590,-2.5
2591,-2
2592,-2
2593,-1.6
2594,-1.4
2595,-1.2
2596,-1.3
2597,-1.8
2598,-2.1
2599,-2.1
2600,-2
2601,-1.9
2602,-1.8
2603,-1.4
2604,-1.6
2605,-1.4
2606,-1.1
2607,-1.1
2608,-1.2
2609,-1.5
2610,-1.6
2611,-1.7
2612,-2.2
2613,-2.2
2614,-2
2615,-1.3
2616,-0.6
2617,-0.4
2618,-0.9
2619,-1.1
2620,-1.3
2621,-0.9
2622,-0.5
2623,-0.5
2624,-0.5
2625,-0.8
2626,-1.4
2627,-1.2
2628,-0.9
2629,-0.6
2630,-0.6
2631,-0.7
2632,-0.8
2633,-0.6
2634,-0.6
2635,-0.7
2636,-0.7
2637,-0.3
2638,-0.2
2639,-0.2
2640,0
2641,-0.2
2642,-0.1
2643,0
2644,0.4
2645,0.7
2646,0.8
2647,1.1
2648,1.2
2649,1.3
2650,1.4
2651,1.5
2652,1.6
2653,1
2654,0.7
2655,0.8
2656,1
2657,1.2
2658,1.4
2659,1.4
2660,1.6
2661,1.9
2662,2
2663,2.4
2664,2.3
2665,2.2
2666,1.8
2667,1.4
2668,1.6
2669,1.7
2670,1.9
2671,2.3
2672,2.6
2673,2.7
2674,2.6
2675,2.4
2676,2.1
2677,2
2678,2.2
2679,2.4
2680,2.4
2681,2.1
2682,1.9
2683,2
2684,1.9
2685,1.6
2686,1.3
2687,1.3
2688,1
2689,0.8
2690,0.6
2691,0.5
2692,0.8
2693,0.9
2694,1.1
2695,0.5
2696,0.2
2697,0.4
2698,0.5
2699,0.3
2700,0.1
2701,-0.3
2702,-0.5
2703,-0.3
2704,-0.5
2705,-0.6
2706,0
2707,-0.1
2708,-0.4
2709,-0.6
2710,-0.5
2711,-0.9
2712,-1.1
2713,-1
2714,-0.9
2715,-0.6
2716,-0.5
2717,-0.4
2718,-1
2719,-1.3
2720,-1.2
2721,-1.4
2722,-1.6
2723,-1.7
2724,-1.8
2725,-1.7
2726,-1.2
2727,-1.1
2728,-1.1
2729,-1.1
2730,-1.2
2731,-1.3
2732,-1.1
2733,-1
2734,-0.9
2735,-0.9
2736,-1
2737,-1.1
2738,-1
2739,-1.3
2740,-1.3
2741,-1.5
2742,-1.7
2743,-1.9
2744,-1.8
2745,-1.9
2746,-1.8
2747,-1.5
2748,-1.5
2749,-1.6
2750,-1.3
2751,-1
2752,-1.1
2753,-0.9
2754,-1.3
2755,-1.6
2756,-1.4
2757,-1.5
2758,-1.6
2759,-1.4
2760,-1
2761,-0.8
2762,-1.4
2763,-1.9
2764,-1.9
2765,-1.6
2766,-1.2
2767,-1.4
2768,-2
2769,-2.1
2770,-1.9
2771,-1.5
2772,-1.3
2773,-1.3
2774,-0.6
2775,-0.7
2776,-1.1
2777,-1.1
2778,-0.9
2779,-0.9
2780,-1.3
2781,-1.6
2782,-1.9
2783,-1.8
2784,-1.5
2785,-1.3
2786,-1.5
2787,-1.8
2788,-2
2789,-1.8
2790,-1.4
2791,-1.1
2792,-1
2793,-0.8
2794,-0.8
2795,-0.7
2796,-1.3
2797,-1.4
2798,-1.2
2799,-1.4
2800,-1
2801,-1.2
2802,-1.5
2803,-1.6
2804,-1.6
2805,-1.6
2806,-1.5
2807,-1.1
2808,-1
2809,-0.9
2810,-0.9
2811,-1.2
2812,-1.4
2813,-1.5
2814,-1.7
2815,-1.8
2816,-1.5
2817,-1.3
2818,-1.6
2819,-1.8
2820,-1.5
2821,-0.8
2822,-0.7
2823,-0.9
2824,-1.5
2825,-1.6
2826,-1.7
2827,-1.4
2828,-1
2829,-1
2830,-1.6
2831,-1.8
2832,-1.6
2833,-1.2
2834,-1
2835,-1.3
2836,-1.6
2837,-1.5
2838,-1.7
2839,-1.8
2840,-2.1
2841,-2.1
2842,-1.6
2843,-1.3
2844,-1.6
2845,-1.6
2846,-1.3
2847,-1.2
2848,-1.1
2849,-1.1
2850,-1.3
2851,-1.5
2852,-1.5
2853,-1.3
2854,-1.4
2855,-1.9
2856,-2.3
2857,-2.3
2858,-1.8
2859,-1.6
2860,-1.8
2861,-1.6
2862,-1.4
2863,-1.3
2864,-0.7
2865,-0.4
2866,-0.7
2867,-1.3
2868,-1.6
2869,-1.9
2870,-1.9
2871,-1.9
2872,-1.7
2873,-1.6
2874,-1.9
2875,-2
2876,-1.8
2877,-1.6
2878,-1.4
2879,-1.2
2880,-1.4
2881,-1.5
2882,-1.2
2883,-1.3
2884,-1.7
2885,-1.6
2886,-1.6
2887,-1.5
2888,-1.5
2889,-1.6
2890,-1.7
2891,-1.4
2892,-1.1
2893,-1.4
2894,-1.4
2895,-1.2
2896,-1.1
2897,-1.3
2898,-1.1
2899,-1
2900,-1.2
2901,-1.6
2902,-2
2903,-1.8
2904,-1.7
2905,-1.7
2906,-1.8
2907,-2.1
2908,-2
2909,-1.6
2910,-1.5
2911,-1.1
2912,-0.9
2913,-1.1
2914,-1.4
2915,-1.2
2916,-1.2
2917,-1.5
2918,-2.1
2919,-2.5
2920,-2.3
2921,-1.5
2922,-0.7
2923,-0.8
2924,-1.2
2925,-1.4
2926,-1.7
2927,-1.3
2928,-0.9
2929,-0.8
2930,-0.7
2931,-0.6
2932,-0.8
2933,-1.1
2934,-1.3
2935,-0.9
2936,-0.7
2937,-0.6
2938,-0.4
2939,-0.4
2940,-0.3
2941,-0.2
2942,-0.6
2943,-0.7
2944,-1
2945,-1
2946,-0.8
2947,-0.9
2948,-1.1
2949,-0.5
2950,-0.2
2951,-0.3
2952,-0.3
2953,0
2954,-0.1
2955,-0.3
2956,-0.1
2957,-0.4
2958,-1
2959,-1.4
2960,-1.8
2961,-1.6
2962,-0.9
2963,-0.2
2964,-0.4
2965,-1.6
2966,-1.8
2967,-1.9
2968,-2
2969,-2.1
2970,-1.8
2971,-1.9
2972,-2.1
2973,-2.4
2974,-2.5
2975,-2.3
2976,-1.8
2977,-2.1
2978,-2.3
2979,-2.1
2980,-2.5
2981,-2.7
2982,-2.9
2983,-2.8
2984,-2.4
2985,-2.5
2986,-2.8
2987,-2.8
2988,-2.3
2989,-2.5
2990,-2.3
2991,-2.2
2992,-2.5
2993,-2.8
2994,-3.1
2995,-2.9
2996,-2.7
2997,-2.8
2998,-2.9
2999,-2.3
3000,-2.3
3001,-2.3
3002,-1.6
3003,-1.3
3004,-1.1
3005,-0.9
3006,-0.7
3007,-1
3008,-1.1
3009,-1
3010,-0.7
3011,-0.1
3012,1.1
3013,2.8
3014,4.9
3015,6.9
3016,8.7
3017,10.6
3018,11
3019,10.4
3020,10.7
3021,10.6
3022,8.7
3023,5.9
3024,4.5
3025,3.1
3026,2.3
3027,1
3028,-1.1
3029,-2
3030,-2.2
3031,-2.1
3032,-2.1
3033,-1.9
3034,-1.3
3035,-1.6
3036,-2.1
3037,-1.8
3038,-1.6
3039,-1.9
3040,-2.2
3041,-2.2
3042,-2.4
3043,-2.4
3044,-2.2
3045,-2.2
3046,-2.5
3047,-2.2
3048,-2.4
3049,-2.3
3050,-2.1
3051,-1.8
3052,-2
3053,-2.3
3054,-2.8
3055,-3
3056,-3
3057,-2.6
3058,-2
3059,-1.9
3060,-2.3
3061,-2.2
3062,-2.2
3063,-2
3064,-2.1
3065,-2.4
3066,-2.4
3067,-2.1
3068,-2.1
3069,-2.3
3070,-2.4
3071,-2.4
3072,-2.8
3073,-2.5
3074,-2.1
3075,-2.1
3076,-1.9
3077,-2
3078,-2.2
3079,-2.1
3080,-1.8
3081,-1.7
3082,-1.7
3083,-1.7
3084,-1.4
3085,-1.4
3086,-1.7
3087,-1.6
3088,-1.4
3089,-1.8
3090,-1.8
3091,-1.3
3092,-1.3
3093,-1.4
3094,-1.4
3095,-1.5
3096,-1.5
3097,-1.6
3098,-2
3099,-2.4
3100,-2.2
3101,-1.8
3102,-2
3103,-2.1
3104,-1.4
3105,-1.1
3106,-1.3
3107,-1.7
3108,-1.6
3109,-1.7
3110,-1.5
3111,-1.1
3112,-1
3113,-1
3114,-1.1
3115,-1.2
3116,-1.1
3117,-1.2
3118,-1.2
3119,-1.6
3120,-1.8
3121,-1.5
3122,-0.8
3123,-0.1
3124,0
3125,0
3126,-0.5
3127,-0.7
3128,-0.2
3129,-0.1
3130,0.1
3131,0.2
3132,0.1
3133,0
3134,0
3135,0.4
3136,0.5
3137,0.1
3138,0.7
3139,1.1
3140,1.3
3141,1.1
3142,1.1
3143,1.4
3144,1.8
3145,2
3146,1.8
3147,1.2
3148,1
3149,1.1
3150,1.5
3151,1.8
3152,1.9
3153,1.6
3154,1.6
3155,1.3
3156,1.3
3157,1.4
3158,1.5
3159,1.7
3160,1.9
3161,2
3162,2.3
3163,2.1
3164,1.7
3165,1.2
3166,1.4
3167,2.1
3168,1.5
3169,1
3170,1
3171,1
3172,0.6
3173,0.4
3174,1.1
3175,1.3
3176,1.3
3177,1.3
3178,0.8
3179,0.5
3180,0.2
3181,0.2
3182,0.1
3183,0.1
3184,0.2
3185,0.2
3186,0.4
3187,0.4
3188,0.4
3189,0.1
3190,0
3191,-0.1
3192,-0.5
3193,-0.5
3194,-0.3
3195,-0.2
3196,-0.5
3197,-0.7
3198,-0.6
3199,-0.5
3200,-0.6
3201,-0.6
3202,-0.5
3203,-0.4
3204,-0.1
3205,-0.6
3206,-1.1
3207,-1.4
3208,-1.4
3209,-1.4
3210,-1.1
3211,-1.3
3212,-1.5
3213,-1.5
3214,-1.3
3215,-0.9
3216,-0.6
3217,-0.8
3218,-0.8
3219,-0.7
3220,-0.4
3221,-0.5
3222,-0.9
3223,-0.9
3224,-1.2
3225,-1.5
3226,-1.4
3227,-1.5
3228,-1.1
3229,-0.8
3230,-1.6
3231,-1.8
3232,-1.7
3233,-1.4
3234,-1.5
3235,-1.1
3236,-1
3237,-0.8
3238,-0.9
3239,-0.9
3240,-0.9
3241,-0.5
3242,-0.4
3243,-0.7
3244,-0.6
3245,-0.8
3246,-1
3247,-0.7
3248,-0.7
3249,-1.3
3250,-1.6
3251,-1.4
3252,-1.3
3253,-1.1
3254,-1.1
3255,-1.2
3256,-1.3
3257,-1.2
3258,-1.2
3259,-1.6
3260,-1.7
3261,-1.6
3262,-1.4
3263,-1.4
3264,-1.2
3265,-1.1
3266,-1.1
3267,-1.3
3268,-1
3269,-0.8
3270,-0.9
3271,-0.8
3272,-0.5
3273,-0.3
3274,-0.4
3275,-0.4
3276,-0.5
3277,-0.5
3278,-0.4
3279,-0.6
3280,-0.9
3281,-1
3282,-1.1
3283,-1.2
3284,-1.4
3285,-0.7
3286,-0.1
3287,0
3288,0.1
3289,-0.2
3290,-0.8
3291,-0.9
3292,-0.9
3293,-1
3294,-1.1
3295,-0.9
3296,-1
3297,-0.9
3298,-0.9
3299,-1.1
3300,-1.1
3301,-1
3302,-0.6
3303,-0.4
3304,-0.9
3305,-1
3306,-1
3307,-1.2
3308,-1.3
3309,-1.2
3310,-1.1
3311,-1.2
3312,-1.1
3313,-0.7
3314,-0.9
3315,-1.2
3316,-1.1
3317,-0.7
3318,-0.4
3319,-0.3
3320,-0.7
3321,-0.7
3322,-0.6
3323,-0.4
3324,-1.3
3325,-1.6
3326,-1.7
3327,-1.8
3328,-1.8
3329,-1.6
3330,-1.3
3331,-1.3
3332,-1.1
3333,-1.1
3334,-0.6
3335,-0.4
3336,-1
3337,-0.8
3338,-0.4
3339,-0.5
3340,-0.5
3341,-0.1
3342,-0.4
3343,-1
3344,-1
3345,-1.1
3346,-1.1
3347,-1.3
3348,-1
3349,-0.9
3350,-0.7
3351,-0.3
3352,-0.2
3353,-0.7
3354,-1
3355,-1
3356,-1.3
3357,-1.5
3358,-1.3
3359,-1.3
3360,-1.2
3361,-1.1
3362,-1.4
3363,-1.6
3364,-1.2
3365,-1
3366,-0.9
3367,-1.2
3368,-1.2
3369,-1
3370,-1.2
3371,-1.6
3372,-1.6
3373,-1.2
3374,-1.3
3375,-1.2
3376,-0.7
3377,-0.8
3378,-1.2
3379,-1
3380,-0.8
3381,-0.7
3382,-1.2
3383,-1.7
3384,-1.3
3385,-1
3386,-1.2
3387,-1
3388,-0.9
3389,-1
3390,-0.5
3391,-0.8
3392,-1.5
3393,-1.7
3394,-1.9
3395,-1.3
3396,-0.7
3397,-0.5
3398,-0.7
3399,-0.4
3400,-0.3
3401,-0.5
3402,-1
3403,-0.8
3404,-0.7
3405,-0.7
3406,-0.6
3407,-0.1
3408,0
3409,0
3410,0.4
3411,0.3
3412,0.3
3413,0.6
3414,1
3415,0.9
3416,0.6
3417,0.4
3418,0.8
3419,1.1
3420,0.5
3421,-0.2
3422,0
3423,0.3
3424,0.2
3425,0
3426,-0.3
3427,-0.5
3428,-0.7
3429,-0.8
3430,-0.4
3431,-0.3
3432,-0.3
3433,-0.9
3434,-1.1
3435,-0.8
3436,-1.2
3437,-1.8
3438,-1.8
3439,-1.7
3440,-1.9
3441,-2.1
3442,-1.6
3443,-1.4
3444,-1.2
3445,-1.6
3446,-2
3447,-1.9
3448,-1.6
3449,-1.2
3450,-1.7
3451,-1.8
3452,-1.8
3453,-2.2
3454,-2.6
3455,-2.4
3456,-1.7
3457,-1.7
3458,-2.1
3459,-2
3460,-1.9
3461,-2
3462,-2.1
3463,-2.2
3464,-2
3465,-1.6
3466,-1.3
3467,-1.1
3468,-0.5
3469,-0.3
3470,-0.5
3471,-0.9
3472,-0.9
3473,-0.7
3474,-0.6
3475,-0.4
3476,-0.1
3477,0.9
3478,3
3479,4.6
3480,6.4
3481,7.9
3482,9.2
3483,10.4
3484,11.1
3485,11.3
3486,12.1
3487,11.6
3488,9.1
3489,6.2
3490,4.5
3491,3.3
3492,2.3
3493,1.1
3494,-0.8
3495,-2.3
3496,-2.8
3497,-2.7
3498,-2
3499,-1.4
3500,-0.7
3501,-0.6
3502,-0.7
3503,-1.2
3504,-1.8
3505,-2.3
3506,-2.1
3507,-1.8
3508,-2.2
3509,-2.5
3510,-2.7
3511,-1.9
3512,-1.6
3513,-1.8
3514,-1.8
3515,-1.9
3516,-2
3517,-2.1
3518,-2.3
3519,-2.5
3520,-2.2
3521,-2.3
3522,-2.1
3523,-2.2
3524,-2.5
3525,-2.5
3526,-2.3
3527,-1.6
3528,-1.8
3529,-2.3
3530,-1.9
3531,-1.7
3532,-2.2
3533,-3
3534,-3.3
3535,-3
3536,-2.7
3537,-2.3
3538,-2.1
3539,-2.5
3540,-2.3
3541,-1.7
3542,-1.8
3543,-1.8
3544,-1.9
3545,-2.1
3546,-2.1
3547,-1.6
3548,-1.9
3549,-1.6
3550,-1.4
3551,-1.7
3552,-2.1
3553,-2
3554,-1.7
3555,-1.8
3556,-2.1
3557,-2.1
3558,-2.2
3559,-2.1
3560,-2.1
3561,-2.2
3562,-2
3563,-1.8
3564,-1.7
3565,-1.4
3566,-1.6
3567,-1.9
3568,-2.5
3569,-2
3570,-1.5
3571,-1.4
3572,-1.4
3573,-1.3
3574,-1.4
3575,-1.6
3576,-1.4
3577,-0.9
3578,-1.2
3579,-1
3580,-1.3
3581,-1.1
3582,-1.1
3583,-1.1
3584,-1
3585,-1.2
3586,-1.3
3587,-0.9
3588,-0.8
3589,-0.7
3590,-0.5
3591,-0.2
3592,-0.3
3593,-0.7
3594,-0.6
3595,-0.4
3596,-0.3
3597,0.1
3598,0.4
3599,0.6
3600,0.7
3601,1
3602,0.9
3603,0.7
3604,0.5
3605,0.7
3606,0.4
3607,0.5
3608,1
3609,1
3610,1.2
3611,1.1
3612,1
3613,1.1
3614,0.5
3615,0.2
3616,0.5
3617,1.2
3618,1.5
3619,1.6
3620,2.1
3621,2.1
3622,1.5
3623,1.3
3624,1
3625,0.9
3626,1.3
3627,1.3
3628,1.5
3629,1.3
3630,1.1
3631,1
3632,0.8
3633,0.8
3634,0.8
3635,1.1
3636,1
3637,1
3638,1
3639,1
3640,1.1
3641,1
3642,0.7
3643,0.2
3644,0.3
3645,0.4
3646,0.2
3647,0.2
3648,0.6
3649,1.2
3650,1.3
3651,0.4
3652,-0.1
3653,0.2
3654,0.5
3655,0
3656,-0.2
3657,-0.3
3658,-0.7
3659,-1.3
3660,-1.3
3661,-1
3662,-1.2
3663,-1.3
3664,-1.3
3665,-1.3
3666,-1.3
3667,-0.8
3668,-0.4
3669,-0.4
3670,-0.7
3671,-1.1
3672,-1.3
3673,-1.5
3674,-1.5
3675,-1.7
3676,-2.1
3677,-2
3678,-1.6
3679,-1.2
3680,-1
3681,-0.7
3682,-1
3683,-1.1
3684,-1
3685,-1.2
3686,-1.2
3687,-0.7
3688,-1
3689,-1.2
3690,-1.3
3691,-1.5
3692,-1.4
3693,-1.5
3694,-1.3
3695,-1
3696,-0.7
3697,-0.6
3698,-0.9
3699,-1.1
3700,-1.3
3701,-1.6
3702,-1.8
3703,-1.2
3704,-1.1
3705,-1.3
3706,-0.9
3707,-0.7
3708,-1
3709,-1.4
3710,-1.2
3711,-1.6
3712,-2
3713,-2
3714,-1.5
3715,-1.4
3716,-1.5
3717,-1.2
3718,-1.4
3719,-1.7
3720,-1.5
3721,-1.1
3722,-0.8
3723,-0.5
3724,-0.6
3725,-1
3726,-1.2
3727,-1.1
3728,-0.8
3729,-0.7
3730,-0.7
3731,-0.8
3732,-0.8
3733,-1.1
3734,-1.1
3735,-1.2
3736,-1.4
3737,-1.1
3738,-0.7
3739,-0.6
3740,-0.6
3741,-1
3742,-1.4
3743,-1.3
3744,-1
3745,-1
3746,-1
3747,-1
3748,-1.1
3749,-0.9
3750,-0.4
3751,-0.3
3752,-0.7
3753,-0.7
3754,-0.7
3755,-0.9
3756,-0.9
3757,-0.8
3758,-1.1
3759,-1.1
3760,-1.2
3761,-1.3
3762,-1.3
3763,-1
3764,-1
3765,-1.5
3766,-1.4
3767,-1.2
3768,-1.2
3769,-1
3770,-1
3771,-1.2
3772,-1.1
3773,-1.1
3774,-1.2
3775,-1.1
3776,-1.1
3777,-1.1
3778,-0.9
3779,-1.1
3780,-1.5
3781,-1.5
3782,-1.5
3783,-1.8
3784,-2.1
3785,-2
3786,-0.8
3787,-0.7
3788,-0.8
3789,-1.1
3790,-1.1
3791,-1.2
3792,-1.7
3793,-1.6
3794,-1.6
3795,-1.5
3796,-1.5
3797,-1.5
3798,-1.4
3799,-1
3800,-1
3801,-1.1
3802,-0.8
3803,-1.6
3804,-1.8
3805,-2
3806,-2
3807,-1.9
3808,-1.7
3809,-1.5
3810,-1.4
3811,-1.8
3812,-1.9
3813,-1.8
3814,-1.8
3815,-1.7
3816,-1.4
3817,-1.1
3818,-1.7
3819,-1.7
3820,-1.6
3821,-1.6
3822,-1.7
3823,-1.8
3824,-1.8
3825,-1.7
3826,-1.6
3827,-1.6
3828,-1.4
3829,-1.5
3830,-1.7
3831,-1.4
3832,-1.3
3833,-1.5
3834,-2.1
3835,-2
3836,-1.7
3837,-1.6
3838,-1.5
3839,-1.9
3840,-1.8
3841,-2.1
3842,-2.4
3843,-2.2
3844,-2.4
3845,-2.2
3846,-1.6
3847,-1.2
3848,-1.2
3849,-1.7
3850,-2
3851,-1.9
3852,-2.2
3853,-1.9
3854,-1.9
3855,-1.8
3856,-1.4
3857,-1.1
3858,-0.5
3859,-0.4
3860,-0.5
3861,-0.5
3862,-0.8
3863,-0.9
3864,-0.9
3865,-1
3866,-1.2
3867,-1.6
3868,-1.5
3869,-1.2
3870,-1
3871,-1.2
3872,-1
3873,-0.8
3874,-0.5
3875,-0.1
3876,0.1
3877,0
3878,-0.1
3879,0
3880,-0.1
3881,-0.2
3882,0
3883,0.1
3884,0
3885,-0.4
3886,-0.2
3887,-0.6
3888,-1
3889,-0.8
3890,-0.7
3891,-0.8
3892,-1
3893,-1
3894,-0.7
3895,-0.7
3896,-1
3897,-1.2
3898,-1.4
3899,-1.6
3900,-1.7
3901,-2.1
3902,-2.6
3903,-2.4
3904,-1.7
3905,-1.6
3906,-1.8
3907,-2.1
3908,-2.3
3909,-2.3
3910,-2.2
3911,-2.1
3912,-2.5
3913,-2.8
3914,-2.9
3915,-2.6
3916,-2.5
3917,-2.4
3918,-2.3
3919,-2
3920,-2.1
3921,-2.2
3922,-2.2
3923,-2.3
3924,-2.1
3925,-2.1
3926,-1.9
3927,-2.1
3928,-2.2
3929,-2.1
3930,-1.3
3931,-1.2
3932,-0.8
3933,-0.9
3934,-0.8
3935,-0.6
3936,-0.7
3937,-0.5
3938,-0.3
3939,0.2
3940,1.2
3941,3.1
3942,5.1
3943,6.5
3944,7.8
3945,9.3
3946,10.9
3947,11.4
3948,11.7
3949,12.1
3950,11.5
3951,8.8
3952,6.1
3953,4.3
3954,2.9
3955,1.9
3956,0.3
3957,-1.6
3958,-2.6
3959,-2.2
3960,-1.3
3961,-0.8
3962,-0.7
3963,-1.4
3964,-1.6
3965,-1.5
3966,-1.4
3967,-1.3
3968,-1.6
3969,-1.9
3970,-2.1
3971,-2
3972,-2.1
3973,-2.2
3974,-2
3975,-2.1
3976,-2.2
3977,-2.2
3978,-2.3
3979,-2.4
3980,-2.3
3981,-2.1
3982,-2.3
3983,-2.3
3984,-2
3985,-2.1
3986,-2.4
3987,-2.1
3988,-1.8
3989,-1.5
3990,-1.6
3991,-2.3
3992,-2.3
3993,-2.1
3994,-2.3
3995,-2.2
3996,-1.8
3997,-1.8
3998,-1.8
3999,-1.5
4000,-1.7
4001,-1.6
4002,-1.6
4003,-1.9
4004,-2.1
4005,-1.8
4006,-1.9
4007,-2.2
4008,-2.1
4009,-1.5
4010,-1.2
4011,-1.8
4012,-1.8
4013,-1.8
4014,-2.1
4015,-2.3
4016,-1.9
4017,-1.7
4018,-1.7
4019,-1.7
4020,-2
4021,-1.9
4022,-1.6
4023,-1.5
4024,-1.1
4025,-1
4026,-0.8
4027,-0.9
4028,-1.7
4029,-1.8
4030,-1.7
4031,-1.9
4032,-1.8
4033,-1.5
4034,-1.8
4035,-2.2
4036,-2.1
4037,-1.5
4038,-1.1
4039,-1
4040,-1.3
4041,-1.4
4042,-1
4043,-0.7
4044,-0.7
4045,-0.7
4046,-0.8
4047,-1
4048,-0.5
4049,-0.1
4050,0
4051,-0.5
4052,-0.7
4053,-0.2
4054,0.2
4055,0.1
4056,0.1
4057,-0.3
4058,-0.3
4059,0.1
4060,0
4061,0
4062,0.1
4063,-0.3
4064,-0.1
4065,0.5
4066,0.5
4067,0.6
4068,1
4069,0.6
4070,0.5
4071,0.7
4072,0.5
4073,0.6
4074,1.3
4075,1.4
4076,1.3
4077,1.3
4078,1.2
4079,1.2
4080,1.3
4081,1.1
4082,1.1
4083,1.6
4084,2
4085,1.9
4086,1.8
4087,1.8
4088,1.7
4089,1.7
4090,1.8
4091,1.7
4092,1.4
4093,1
4094,1.3
4095,1.3
4096,1.3
4097,1.3
4098,1.2
4099,1.3
4100,1.3
4101,1.5
4102,1.5
4103,0.8
4104,0.4
4105,0.5
4106,0.7
4107,0.9
4108,0.9
4109,1.1
4110,1.1
4111,0.7
4112,0.4
4113,0.4
4114,0.4
4115,0.4
4116,0.5
4117,0.1
4118,-0.1
4119,-0.5
4120,-0.5
4121,-0.2
4122,-0.1
4123,0
4124,0
4125,-0.2
4126,-0.5
4127,-0.6
4128,-0.7
4129,-0.7
4130,-0.6
4131,-0.9
4132,-1
4133,-1
4134,-1.2
4135,-1.3
4136,-1.1
4137,-0.8
4138,-0.5
4139,-0.8
4140,-1.3
4141,-1.7
4142,-1.7
4143,-1.4
4144,-1.2
4145,-0.8
4146,-0.7
4147,-1.2
4148,-1.2
4149,-1.2
4150,-1.3
4151,-1.1
4152,-1.3
4153,-1.3
4154,-1.5
4155,-1.4
4156,-1.4
4157,-1.5
4158,-1.8
4159,-1.5
4160,-1.1
4161,-1.2
4162,-1.5
4163,-1.3
4164,-1.3
4165,-1.4
4166,-1.4
4167,-1.5
4168,-1.3
4169,-1.2
4170,-1.3
4171,-1.5
4172,-1.6
4173,-1.1
4174,-0.7
4175,-0.7
4176,-0.8
4177,-0.5
4178,-0.5
4179,-0.8
4180,-0.6
4181,-0.4
4182,-0.6
4183,-1.2
4184,-1.5
4185,-1.6
4186,-1.4
4187,-1.1
4188,-1.5
4189,-1.4
4190,-1.6
4191,-1.6
4192,-1.6
4193,-1.4
4194,-1.2
4195,-1.5
4196,-0.8
4197,-0.6
4198,-0.6
4199,-0.8
4200,-0.8
4201,-0.5
4202,-0.3
4203,-0.5
4204,-0.8
4205,-1.3
4206,-1.2
4207,-0.9
4208,-1.3
4209,-1.3
4210,-1.1
4211,-0.8
4212,-0.9
4213,-0.8
4214,-0.8
4215,-0.9
4216,-0.9
4217,-0.7
4218,-0.8
4219,-0.9
4220,-0.9
4221,-1.3
4222,-1.3
4223,-1
4224,-1
4225,-1.1
4226,-1.1
4227,-1.4
4228,-1.1
4229,-1.1
4230,-1.1
4231,-1.3
4232,-1.3
4233,-1.3
4234,-1.2
4235,-1
4236,-1.3
4237,-1.7
4238,-1.7
4239,-1.5
4240,-1.5
4241,-1.3
4242,-1.1
4243,-1.4
4244,-1.4
4245,-1.6
4246,-1.4
4247,-1.2
4248,-1.2
4249,-1.2
4250,-1.4
4251,-1.4
4252,-1.4
4253,-1.7
4254,-1.7
4255,-1.8
4256,-1.6
4257,-1.2
4258,-0.9
4259,-1
4260,-1
4261,-1
4262,-1
4263,-0.9
4264,-1
4265,-1.2
4266,-1.2
4267,-1.4
4268,-1.5
4269,-1.7
4270,-1.8
4271,-1.8
4272,-1.8
4273,-1.6
4274,-1.3
4275,-1.3
4276,-1.6
4277,-1.6
4278,-1.6
4279,-2.2
4280,-1.8
4281,-1.5
4282,-1.1
4283,-1.1
4284,-1.2
4285,-1.3
4286,-1.3
4287,-1.2
4288,-1.3
4289,-1.6
4290,-1.9
4291,-1.8
4292,-2.1
4293,-2
4294,-1.8
4295,-1.6
4296,-1.6
4297,-2
4298,-1.7
4299,-1.3
4300,-1
4301,-1.1
4302,-1.8
4303,-2
4304,-1.8
4305,-1.7
4306,-1.5
4307,-1.5
4308,-1.8
4309,-1.7
4310,-1.6
4311,-1.6
4312,-1.7
4313,-1.4
4314,-1.1
4315,-0.5
4316,-0.6
4317,-1
4318,-1.2
4319,-1.4
4320,-1
4321,-0.8
4322,-0.8
4323,-1
4324,-1.4
4325,-1.9
4326,-1.9
4327,-1.8
4328,-1.9
4329,-1.8
4330,-1.7
4331,-1.7
4332,-1.4
4333,-1.1
4334,-1
4335,-0.9
4336,-0.8
4337,-0.9
4338,-0.5
4339,-0.4
4340,-0.1
4341,-0.1
4342,-0.5
4343,-0.4
4344,-0.5
4345,0
4346,0.3
4347,0
4348,0
4349,0
4350,-0.3
4351,-0.3
4352,-0.1
4353,-0.3
4354,-0.3
4355,-0.4
4356,-0.3
4357,-0.7
4358,-1.2
4359,-0.6
4360,-0.5
4361,-0.9
4362,-0.6
4363,-0.3
4364,-0.5
4365,-1
4366,-1
4367,-1.1
4368,-0.9
4369,-1.4
4370,-2.3
4371,-2.3
4372,-2.3
4373,-2.1
4374,-1.8
4375,-1.6
4376,-1.5
4377,-1.3
4378,-1.4
4379,-1.7
4380,-1.9
4381,-2
4382,-2
4383,-2
4384,-2
4385,-2
4386,-2.1
4387,-2.1
4388,-1.7
4389,-1.5
4390,-1.7
4391,-1.7
4392,-2
4393,-2.4
4394,-2.2
4395,-2
4396,-1.5
4397,-1.5
4398,-1.3
4399,-1.2
4400,-1
4401,-0.7
4402,-0.7
4403,-0.7
4404,-0.3
4405,0.1
4406,0.6
4407,0.9
4408,0.8
4409,1.1
4410,2.1
4411,3.7
4412,5.6
4413,7.3
4414,8.8
4415,10
4416,10.7
4417,11.1
4418,11.4
4419,11.4
4420,9.8
4421,6.9
4422,4.6
4423,3.2
4424,2.1
4425,0.2
4426,-1.1
4427,-1.9
4428,-1.8
4429,-1.3
4430,-1.2
4431,-0.7
4432,-0.5
4433,-0.6
4434,-0.5
4435,-0.8
4436,-1.4
4437,-1.6
4438,-1.7
4439,-1.7
4440,-1.7
4441,-1.9
4442,-2.4
4443,-1.9
4444,-1.3
4445,-1.9
4446,-2
4447,-1.6
4448,-1.1
4449,-0.6
4450,-0.7
4451,-0.9
4452,-1.3
4453,-1.4
4454,-1.6
4455,-1.8
4456,-1.7
4457,-1.7
4458,-2
4459,-2.1
4460,-2.2
4461,-2
4462,-1.9
4463,-2.3
4464,-2.2
4465,-1.7
4466,-1.5
4467,-1.4
4468,-1.3
4469,-1.7
4470,-1.6
4471,-2
4472,-2.1
4473,-1.9
4474,-1.8
4475,-1.5
4476,-1.6
4477,-1.8
4478,-1.6
4479,-1.5
4480,-1.5
4481,-1.5
4482,-1.4
4483,-1.5
4484,-1.6
4485,-1.8
4486,-1.8
4487,-1.4
4488,-1.4
4489,-1.5
4490,-1.8
4491,-1.8
4492,-1.1
4493,-0.6
4494,-0.9
4495,-1.4
4496,-1
4497,-0.8
4498,-0.7
4499,-0.5
4500,-0.5
4501,-0.4
4502,-1
4503,-1.1
4504,-0.6
4505,-0.5
4506,-0.7
4507,-0.9
4508,-0.7
4509,-0.5
4510,-0.3
4511,0.1
4512,0.2
4513,0
4514,0
4515,-0.4
4516,-0.8
4517,-0.7
4518,-0.3
4519,0.1
4520,0
4521,0.1
4522,0.5
4523,0.3
4524,-0.1
4525,0.2
4526,0.7
4527,1.1
4528,1.2
4529,0.9
4530,1
4531,1
4532,1.2
4533,1
4534,1
4535,1.1
4536,1.2
4537,2
4538,2
4539,1.7
4540,1.8
4541,2
4542,2
4543,2
4544,2
4545,2
4546,1.9
4547,2
4548,1.9
4549,2.4
4550,2.3
4551,2.2
4552,2.6
4553,2.7
4554,2.3
4555,2.5
4556,2.7
4557,2.4
4558,2.4
4559,2.3
4560,2.2
4561,2.3
4562,2.3
4563,2
4564,1.8
4565,1.9
4566,2
4567,2.2
4568,2
4569,1.9
4570,1.8
4571,1.6
4572,1.7
4573,1.6
4574,1.4
4575,0.8
4576,0.9
4577,0.9
4578,0.8
4579,0.7
4580,1
4581,1.1
4582,1.2
4583,0.8
4584,0.8
4585,0.8
4586,0.3
4587,-0.1
4588,-0.1
4589,0
4590,-0.2
4591,-0.1
4592,-0.1
4593,-0.2
4594,-0.1
4595,0
4596,0.5
4597,0.6
4598,0.4
4599,0
4600,-0.1
4601,0.1
4602,0.3
4603,-0.2
4604,-0.5
4605,-0.8
4606,-1.1
4607,-0.9
4608,-0.7
4609,-0.5
4610,-0.7
4611,-0.9
4612,-0.8
4613,-1.1
4614,-0.9
4615,-1
4616,-0.9
4617,-1
4618,-0.8
4619,-0.8
4620,-0.9
4621,-0.5
4622,-0.4
4623,-0.6
4624,-0.6
4625,-0.2
4626,-0.7
4627,-0.6
4628,-0.5
4629,-0.7
4630,-0.5
4631,-0.6
4632,-0.8
4633,-1.1
4634,-1.2
4635,-1.1
4636,-0.9
4637,-0.9
4638,-0.8
4639,-0.6
4640,-0.7
4641,-0.9
4642,-1
4643,-1
4644,-1.1
4645,-0.7
4646,-0.3
4647,-0.4
4648,-0.6
4649,-0.5
4650,-0.7
4651,-0.7
4652,-0.7
4653,-0.9
4654,-1
4655,-1.2
4656,-1
4657,-0.7
4658,-0.8
4659,-0.4
4660,-0.4
4661,-0.7
4662,-1.1
4663,-0.9
4664,-0.5
4665,-0.1
4666,-0.1
4667,-0.3
4668,-0.5
4669,-0.5
4670,-0.7
4671,-0.9
4672,-0.8
4673,-0.6
4674,-0.6
4675,-0.4
4676,-0.3
4677,-0.8
4678,-0.9
4679,-0.8
4680,-1
4681,-0.9
4682,-0.4
4683,-0.5
4684,-0.5
4685,-0.7
4686,-1.1
4687,-0.7
4688,-0.4
4689,-0.6
4690,-0.5
4691,-0.8
4692,-0.9
4693,-0.2
4694,-0.3
4695,-0.5
4696,-0.6
4697,-0.7
4698,-1.2
4699,-0.9
4700,-0.6
4701,-0.9
4702,-0.9
4703,-1.1
4704,-1.2
4705,-1
4706,-0.5
4707,-0.9
4708,-1.2
4709,-1.1
4710,-1
4711,-1.4
4712,-1.4
4713,-1.2
4714,-1.3
4715,-1.3
4716,-1.3
4717,-1.2
4718,-1.1
4719,-0.8
4720,-0.6
4721,-0.4
4722,-0.5
4723,-0.6
4724,-0.7
4725,-1.1
4726,-1.3
4727,-1.5
4728,-1.4
4729,-1.4
4730,-1.3
4731,-1.1
4732,-1
4733,-1.4
4734,-1.9
4735,-1.7
4736,-1.2
4737,-0.9
4738,-0.7
4739,-0.8
4740,-1.4
4741,-1.3
4742,-1
4743,-1
4744,-1.1
4745,-1.2
4746,-0.8
4747,-0.6
4748,-0.3
4749,-0.5
4750,-1
4751,-1.1
4752,-1.1
4753,-1.5
4754,-1.6
4755,-1.5
4756,-0.8
4757,-0.2
4758,-0.6
4759,-1.1
4760,-1.3
4761,-1
4762,-1.5
4763,-1.6
4764,-1.5
4765,-1.4
4766,-1.3
4767,-1.8
4768,-2.1
4769,-2
4770,-2.2
4771,-2.1
4772,-1.8
4773,-1.6
4774,-1.5
4775,-1.2
4776,-1.4
4777,-1.4
4778,-1.3
4779,-1.1
4780,-1
4781,-0.8
4782,-1.2
4783,-1.6
4784,-1.9
4785,-1.7
4786,-1.5
4787,-1.3
4788,-1.3
4789,-1.4
4790,-1.6
4791,-1.7
4792,-1.7
4793,-1.2
4794,-1.4
4795,-1.2
4796,-1.4
4797,-1.4
4798,-1.3
4799,-1.3
4800,-1.2
4801,-1.2
4802,-1.5
4803,-1.4
4804,-1
4805,-1.2
4806,-1.5
4807,-1.4
4808,-1.1
4809,-0.4
4810,-0.1
4811,-0.1
4812,0
4813,-0.1
4814,-0.1
4815,0.1
4816,0.2
4817,0.6
4818,0.6
4819,0.4
4820,0.5
4821,0.5
4822,0.3
4823,-0.3
4824,-0.7
4825,-0.4
4826,-0.1
4827,-0.4
4828,-0.5
4829,-0.4
4830,-0.4
4831,-0.4
4832,-0.6
4833,-0.7
4834,-0.5
4835,-0.8
4836,-0.7
4837,-0.7
4838,-1
4839,-1.5
4840,-1.9
4841,-1.9
4842,-1.9
4843,-1.8
4844,-1.5
4845,-0.8
4846,-0.8
4847,-1.5
4848,-2.2
4849,-2.2
4850,-2.1
4851,-1.9
4852,-1.6
4853,-1.8
4854,-2.1
4855,-2.3
4856,-2.1
4857,-1.7
4858,-1.9
4859,-2
4860,-2.1
4861,-2.5
4862,-2.7
4863,-2.2
4864,-2.1
4865,-2.1
4866,-2.1
4867,-2.3
4868,-2
4869,-1.4
4870,-0.8
4871,-0.7
4872,-0.5
4873,-0.1
4874,0
4875,-0.4
4876,-0.4
4877,0.1
4878,0.6
4879,1
4880,1.8
4881,3.8
4882,5.4
4883,6.5
4884,8
4885,9.3
4886,10.2
4887,10.3
4888,10.9
4889,11.6
4890,10.2
4891,7
4892,4.8
4893,3.3
4894,2.3
4895,1.4
4896,-0.2
4897,-1.9
4898,-2.1
4899,-1.8
4900,-1.7
4901,-1.4
4902,-0.8
4903,-0.5
4904,-0.6
4905,-1.2
4906,-1.2
4907,-1.1
4908,-1.7
4909,-1.7
4910,-1.5
4911,-1.4
4912,-1.7
4913,-1.8
4914,-1.4
4915,-1.8
4916,-1.9
4917,-1.9
4918,-2
4919,-2.4
4920,-2.4
4921,-2
4922,-2.1
4923,-2.4
4924,-2.3
4925,-2.2
4926,-2.1
4927,-1.9
4928,-1.8
4929,-1.9
4930,-1.8
4931,-1.4
4932,-1.4
4933,-1.9
4934,-2.2
4935,-1.9
4936,-2.2
4937,-2.2
4938,-2
4939,-1.7
4940,-1.3
4941,-1.3
4942,-1.6
4943,-2
4944,-1.8
4945,-1.6
4946,-1.5
4947,-1.3
4948,-1
4949,-1.5
4950,-2
4951,-2
4952,-2.2
4953,-2
4954,-1.8
4955,-1.7
4956,-1.7
4957,-2
4958,-1.9
4959,-1.8
4960,-1
4961,-0.6
4962,-0.7
4963,-1.3
4964,-2
4965,-1.9
4966,-1.7
4967,-1.2
4968,-1.3
4969,-1.7
4970,-1.8
4971,-1.5
4972,-1.2
4973,-1.2
4974,-1.5
4975,-1.3
4976,-1.1
4977,-1.1
4978,-1.4
4979,-1.9
4980,-1.8
4981,-1.4
4982,-0.8
4983,-0.5
4984,-0.9
4985,-0.7
4986,-0.4
4987,-0.3
4988,-0.1
4989,-0.2
4990,-0.6
4991,-0.7
4992,-0.6
4993,-0.4
4994,-0.1
4995,-0.3
4996,-0.6
4997,-0.3
4998,0.3
4999,0.5
5000,0.5
