TS,Reading,Flag,TS2,Reading2,Flag2
1,-13,5,2000,-16,5
2,-13,5,2001,-16,5
3,-13,5,2002,-15,5
4,-13,5,2003,-15,5
5,-13,5,2004,-16,5
6,-13,5,2005,-16,5
7,-12,5,2006,-15,5
8,-12,5,2007,-15,5
9,-12,5,2008,-15,5
10,-14,5,2009,-16,5
11,-14,5,2010,-15,5
12,-14,5,2011,-15,5
13,-14,5,2012,-15,5
14,-14,5,2013,-15,5
15,-13,5,2014,-16,5
16,-13,5,2015,-16,5
17,-13,5,2016,-15,5
18,-14,5,2017,-15,5
19,-13,5,2018,-16,5
20,-12,5,2019,-16,5
21,-13,5,2020,-16,5
22,-13,5,2021,-14,5
23,-11,5,2022,-14,5
24,-9,5,2023,-14,5
25,-9,5,2024,-14,5
26,-11,5,2025,-15,5
27,-11,5,2026,-15,5
28,-11,5,2027,-15,5
29,-11,5,2028,-15,5
30,-11,5,2029,-14,5
31,-11,5,2030,-13,5
32,-11,5,2031,-13,5
33,-12,5,2032,-13,5
34,-14,5,2033,-14,5
35,-12,5,2034,-15,5
36,-12,5,2035,-13,5
37,-13,5,2036,-13,5
38,-12,5,2037,-14,5
39,-11,5,2038,-16,5
40,-11,5,2039,-17,5
41,-11,5,2040,-17,5
42,-11,5,2041,-17,5
43,-11,5,2042,-17,5
44,-9,5,2043,-16,5
45,-9,5,2044,-16,5
46,-10,5,2045,-15,5
47,-11,5,2046,-15,5
48,-13,5,2047,-16,5
49,-12,5,2048,-17,5
50,-12,5,2049,-17,5
51,-11,5,2050,-17,5
52,-11,5,2051,-17,5
53,-11,5,2052,-17,5
54,-11,5,2053,-16,5
55,-10,5,2054,-16,5
56,-9,5,2055,-15,5
57,-10,5,2056,-16,5
58,-10,5,2057,-16,5
59,-10,5,2058,-15,5
60,-9,5,2059,-15,5
61,-9,5,2060,-15,5
62,-8,5,2061,-15,5
63,-7,5,2062,-17,5
64,-7,5,2063,-17,5
65,-7,5,2064,-17,5
66,-7,5,2065,-16,5
67,-5,5,2066,-15,5
68,-3,5,2067,-15,5
69,-2,5,2068,-15,5
70,-2,5,2069,-15,5
71,-3,5,2070,-14,5
72,-3,5,2071,-14,5
73,-2,5,2072,-15,5
74,-2,5,2073,-15,5
75,-2,5,2074,-16,5
76,-3,5,2075,-16,5
77,-2,5,2076,-14,5
78,-3,5,2077,-14,5
79,-2,5,2078,-14,5
80,-2,5,2079,-15,5
81,-2,5,2080,-14,5
82,-4,5,2081,-14,5
83,-5,5,2082,-15,5
84,-4,5,2083,-14,5
85,-5,5,2084,-15,5
86,-7,5,2085,-15,5
87,-8,5,2086,-15,5
88,-7,5,2087,-15,5
89,-5,5,2088,-16,5
90,-3,5,2089,-16,5
91,-2,5,2090,-16,5
92,-1,5,2091,-15,5
93,-1,5,2092,-15,5
94,0,5,2093,-15,5
95,0,5,2094,-14,5
96,0,5,2095,-13,5
97,0,5,2096,-12,5
98,1,5,2097,-11,5
99,2,5,2098,-12,5
100,2,5,2099,-12,5
101,3,5,2100,-11,5
102,2,5,2101,-10,5
103,2,5,2102,-10,5
104,0,5,2103,-10,5
105,-1,5,2104,-10,5
106,-2,5,2105,-10,5
107,-5,5,2106,-9,5
108,-6,5,2107,-9,5
109,-8,5,2108,-9,5
110,-9,5,2109,-8,5
111,-11,5,2110,-8,5
112,-12,5,2111,-8,5
113,-14,5,2112,-8,5
114,-13,5,2113,-8,5
115,-14,5,2114,-7,5
116,-14,5,2115,-8,5
117,-14,5,2116,-8,5
118,-14,5,2117,-7,5
119,-14,5,2118,-8,5
120,-14,5,2119,-9,5
121,-14,5,2120,-8,5
122,-15,5,2121,-8,5
123,-13,5,2122,-8,5
124,-12,5,2123,-8,5
125,-12,5,2124,-8,5
126,-11,5,2125,-6,5
127,-11,5,2126,-3,5
128,-12,5,2127,-2,5
129,-13,5,2128,-1,5
130,-13,5,2129,-1,5
131,-14,5,2130,-1,5
132,-14,5,2131,-3,5
133,-14,5,2132,-3,5
134,-14,5,2133,-3,5
135,-16,5,2134,-4,5
136,-16,5,2135,-6,5
137,-16,5,2136,-7,5
138,-14,5,2137,-10,5
139,-12,5,2138,-11,5
140,-10,5,2139,-12,5
141,-6,5,2140,-14,5
142,-2,5,2141,-15,5
143,6,5,2142,-17,5
144,25,5,2143,-18,5
145,51,5,2144,-20,5
146,82,5,2145,-19,5
147,120,5,2146,-19,5
148,161,5,2147,-19,5
149,196,5,2148,-19,5
150,196,5,2149,-18,5
151,196,5,2150,-18,5
152,196,5,2151,-18,5
153,196,5,2152,-19,5
154,196,5,2153,-20,5
155,196,5,2154,-20,5
156,196,5,2155,-21,5
157,196,5,2156,-21,5
158,167,5,2157,-20,5
159,87,5,2158,-21,5
160,24,5,2159,-21,5
161,-21,5,2160,-21,5
162,-41,5,2161,-20,5
163,-41,5,2162,-20,5
164,-41,5,2163,-20,5
165,-41,5,2164,-21,5
166,-41,5,2165,-19,5
167,-41,5,2166,-19,5
168,-41,5,2167,-19,5
169,-41,5,2168,-19,5
170,-37,5,2169,-19,5
171,-33,5,2170,-17,5
172,-29,5,2171,-15,5
173,-26,5,2172,-11,5
174,-24,5,2173,-5,5
175,-20,5,2174,1,5
176,-18,5,2175,17,5
177,-20,5,2176,39,5
178,-19,5,2177,65,5
179,-17,5,2178,98,5
180,-15,5,2179,140,5
181,-14,5,2180,187,5
182,-14,5,2181,196,5
183,-13,5,2182,196,5
184,-13,5,2183,196,5
185,-13,5,2184,196,5
186,-12,5,2185,196,5
187,-11,5,2186,196,5
188,-11,5,2187,196,5
189,-11,5,2188,196,5
190,-10,5,2189,196,5
191,-9,5,2190,128,5
192,-7,5,2191,61,5
193,-7,5,2192,8,5
194,-7,5,2193,-28,5
195,-6,5,2194,-41,5
196,-5,5,2195,-41,5
197,-6,5,2196,-41,5
198,-7,5,2197,-41,5
199,-8,5,2198,-41,5
200,-8,5,2199,-41,5
201,-8,5,2200,-41,5
202,-7,5,2201,-39,5
203,-7,5,2202,-34,5
204,-7,5,2203,-31,5
205,-8,5,2204,-28,5
206,-8,5,2205,-27,5
207,-8,5,2206,-24,5
208,-7,5,2207,-22,5
209,-5,5,2208,-21,5
210,-4,5,2209,-20,5
211,-3,5,2210,-18,5
212,-3,5,2211,-16,5
213,-3,5,2212,-16,5
214,-3,5,2213,-17,5
215,-4,5,2214,-18,5
216,-5,5,2215,-18,5
217,-4,5,2216,-18,5
218,-4,5,2217,-17,5
219,-5,5,2218,-17,5
220,-5,5,2219,-16,5
221,-6,5,2220,-15,5
222,-7,5,2221,-15,5
223,-7,5,2222,-15,5
224,-6,5,2223,-15,5
225,-5,5,2224,-15,5
226,-5,5,2225,-15,5
227,-5,5,2226,-14,5
228,-5,5,2227,-14,5
229,-4,5,2228,-14,5
230,-4,5,2229,-13,5
231,-3,5,2230,-12,5
232,-4,5,2231,-11,5
233,-4,5,2232,-9,5
234,-3,5,2233,-9,5
235,-2,5,2234,-9,5
236,0,5,2235,-9,5
237,0,5,2236,-9,5
238,0,5,2237,-9,5
239,0,5,2238,-9,5
240,0,5,2239,-10,5
241,1,5,2240,-9,5
242,2,5,2241,-10,5
243,3,5,2242,-10,5
244,4,5,2243,-10,5
245,5,5,2244,-10,5
246,5,5,2245,-8,5
247,6,5,2246,-7,5
248,7,5,2247,-7,5
249,7,5,2248,-7,5
250,9,5,2249,-9,5
251,11,5,2250,-9,5
252,13,5,2251,-11,5
253,14,5,2252,-9,5
254,14,5,2253,-8,5
255,16,5,2254,-8,5
256,17,5,2255,-8,5
257,17,5,2256,-7,5
258,18,5,2257,-6,5
259,19,5,2258,-5,5
260,20,5,2259,-4,5
261,22,5,2260,-4,5
262,23,5,2261,-5,5
263,25,5,2262,-4,5
264,26,5,2263,-2,5
265,27,5,2264,-3,5
266,28,5,2265,-3,5
267,28,5,2266,-3,5
268,30,5,2267,-2,5
269,32,5,2268,0,5
270,35,5,2269,0,5
271,38,5,2270,0,5
272,40,5,2271,1,5
273,40,5,2272,0,5
274,42,5,2273,-1,5
275,44,5,2274,-1,5
276,47,5,2275,-1,5
277,49,5,2276,-1,5
278,51,5,2277,-3,5
279,52,5,2278,-2,5
280,54,5,2279,0,5
281,55,5,2280,1,5
282,57,5,2281,2,5
283,59,5,2282,4,5
284,60,5,2283,6,5
285,62,5,2284,7,5
286,65,5,2285,8,5
287,66,5,2286,9,5
288,67,5,2287,10,5
289,68,5,2288,11,5
290,69,5,2289,11,5
291,71,5,2290,12,5
292,72,5,2291,12,5
293,72,5,2292,14,5
294,72,5,2293,16,5
295,72,5,2294,17,5
296,71,5,2295,19,5
297,69,5,2296,20,5
298,66,5,2297,21,5
299,64,5,2298,23,5
300,63,5,2299,25,5
301,62,5,2300,26,5
302,61,5,2301,27,5
303,60,5,2302,27,5
304,58,5,2303,30,5
305,56,5,2304,31,5
306,54,5,2305,33,5
307,52,5,2306,34,5
308,50,5,2307,36,5
309,48,5,2308,38,5
310,46,5,2309,39,5
311,43,5,2310,42,5
312,39,5,2311,44,5
313,36,5,2312,46,5
314,33,5,2313,49,5
315,29,5,2314,52,5
316,26,5,2315,53,5
317,22,5,2316,55,5
318,20,5,2317,57,5
319,17,5,2318,59,5
320,14,5,2319,60,5
321,11,5,2320,62,5
322,8,5,2321,64,5
323,5,5,2322,65,5
324,4,5,2323,64,5
325,3,5,2324,65,5
326,0,5,2325,65,5
327,0,5,2326,65,5
328,-2,5,2327,64,5
329,-5,5,2328,63,5
330,-7,5,2329,65,5
331,-8,5,2330,66,5
332,-8,5,2331,65,5
333,-8,5,2332,64,5
334,-8,5,2333,62,5
335,-9,5,2334,60,5
336,-9,5,2335,59,5
337,-9,5,2336,56,5
338,-11,5,2337,56,5
339,-13,5,2338,55,5
340,-15,5,2339,53,5
341,-14,5,2340,51,5
342,-12,5,2341,48,5
343,-13,5,2342,44,5
344,-14,5,2343,41,5
345,-15,5,2344,38,5
346,-17,5,2345,34,5
347,-19,5,2346,30,5
348,-21,5,2347,27,5
349,-22,5,2348,26,5
350,-23,5,2349,24,5
351,-23,5,2350,22,5
352,-22,5,2351,18,5
353,-23,5,2352,14,5
354,-23,5,2353,12,5
355,-24,5,2354,10,5
356,-25,5,2355,9,5
357,-26,5,2356,7,5
358,-27,5,2357,6,5
359,-27,5,2358,4,5
360,-26,5,2359,3,5
361,-27,5,2360,1,5
362,-28,5,2361,0,5
363,-28,5,2362,-3,5
364,-28,5,2363,-5,5
365,-28,5,2364,-7,5
366,-28,5,2365,-9,5
367,-27,5,2366,-11,5
368,-27,5,2367,-12,5
369,-27,5,2368,-12,5
370,-27,5,2369,-13,5
371,-27,5,2370,-13,5
372,-26,5,2371,-14,5
373,-27,5,2372,-14,5
374,-27,5,2373,-14,5
375,-27,5,2374,-14,5
376,-28,5,2375,-14,5
377,-30,5,2376,-15,5
378,-29,5,2377,-16,5
379,-28,5,2378,-16,5
380,-28,5,2379,-15,5
381,-28,5,2380,-16,5
382,-28,5,2381,-16,5
383,-27,5,2382,-16,5
384,-26,5,2383,-17,5
385,-24,5,2384,-18,5
386,-23,5,2385,-19,5
387,-23,5,2386,-19,5
388,-24,5,2387,-18,5
389,-24,5,2388,-19,5
390,-22,5,2389,-19,5
391,-21,5,2390,-20,5
392,-21,5,2391,-20,5
393,-22,5,2392,-20,5
394,-22,5,2393,-21,5
395,-21,5,2394,-21,5
396,-21,5,2395,-22,5
397,-21,5,2396,-22,5
398,-21,5,2397,-23,5
399,-20,5,2398,-24,5
400,-19,5,2399,-24,5
401,-19,5,2400,-25,5
402,-19,5,2401,-25,5
403,-19,5,2402,-25,5
404,-19,5,2403,-26,5
405,-17,5,2404,-27,5
406,-16,5,2405,-27,5
407,-15,5,2406,-26,5
408,-15,5,2407,-26,5
409,-16,5,2408,-27,5
410,-16,5,2409,-26,5
411,-16,5,2410,-27,5
412,-15,5,2411,-27,5
413,-15,5,2412,-27,5
414,-14,5,2413,-28,5
415,-14,5,2414,-27,5
416,-15,5,2415,-26,5
417,-15,5,2416,-26,5
418,-13,5,2417,-26,5
419,-11,5,2418,-26,5
420,-11,5,2419,-25,5
421,-11,5,2420,-24,5
422,-11,5,2421,-23,5
423,-11,5,2422,-23,5
424,-12,5,2423,-24,5
425,-12,5,2424,-24,5
426,-12,5,2425,-25,5
427,-13,5,2426,-26,5
428,-14,5,2427,-25,5
429,-15,5,2428,-25,5
430,-16,5,2429,-25,5
431,-15,5,2430,-24,5
432,-13,5,2431,-24,5
433,-12,5,2432,-24,5
434,-12,5,2433,-23,5
435,-13,5,2434,-22,5
436,-14,5,2435,-20,5
437,-14,5,2436,-18,5
438,-14,5,2437,-18,5
439,-14,5,2438,-18,5
440,-15,5,2439,-18,5
441,-15,5,2440,-18,5
442,-15,5,2441,-19,5
443,-15,5,2442,-19,5
444,-16,5,2443,-17,5
445,-16,5,2444,-16,5
446,-15,5,2445,-16,5
447,-15,5,2446,-16,5
448,-16,5,2447,-16,5
449,-16,5,2448,-17,5
450,-18,5,2449,-16,5
451,-17,5,2450,-16,5
452,-16,5,2451,-15,5
453,-15,5,2452,-16,5
454,-14,5,2453,-16,5
455,-15,5,2454,-16,5
456,-16,5,2455,-14,5
457,-17,5,2456,-12,5
458,-18,5,2457,-11,5
459,-18,5,2458,-11,5
460,-17,5,2459,-10,5
461,-17,5,2460,-12,5
462,-18,5,2461,-14,5
463,-19,5,2462,-16,5
464,-18,5,2463,-17,5
465,-19,5,2464,-18,5
466,-18,5,2465,-19,5
467,-18,5,2466,-17,5
468,-17,5,2467,-16,5
469,-17,5,2468,-14,5
470,-17,5,2469,-12,5
471,-17,5,2470,-11,5
472,-16,5,2471,-11,5
473,-15,5,2472,-12,5
474,-15,5,2473,-13,5
475,-15,5,2474,-13,5
476,-15,5,2475,-13,5
477,-17,5,2476,-14,5
478,-17,5,2477,-17,5
479,-16,5,2478,-19,5
480,-16,5,2479,-19,5
481,-17,5,2480,-18,5
482,-17,5,2481,-16,5
483,-17,5,2482,-16,5
484,-16,5,2483,-16,5
485,-17,5,2484,-17,5
486,-17,5,2485,-15,5
487,-17,5,2486,-15,5
488,-18,5,2487,-15,5
489,-18,5,2488,-15,5
490,-19,5,2489,-14,5
491,-18,5,2490,-15,5
492,-17,5,2491,-15,5
493,-17,5,2492,-14,5
494,-17,5,2493,-15,5
495,-16,5,2494,-15,5
496,-14,5,2495,-15,5
497,-15,5,2496,-14,5
498,-16,5,2497,-14,5
499,-18,5,2498,-15,5
500,-18,5,2499,-14,5
501,-18,5,2500,-15,5
502,-17,5,2501,-16,5
503,-16,5,2502,-16,5
504,-17,5,2503,-17,5
505,-17,5,2504,-16,5
506,-18,5,2505,-16,5
507,-19,5,2506,-18,5
508,-20,5,2507,-18,5
509,-20,5,2508,-17,5
510,-20,5,2509,-16,5
511,-19,5,2510,-16,5
512,-18,5,2511,-16,5
513,-18,5,2512,-16,5
514,-17,5,2513,-16,5
515,-18,5,2514,-15,5
516,-18,5,2515,-14,5
517,-17,5,2516,-15,5
518,-15,5,2517,-15,5
519,-15,5,2518,-16,5
520,-15,5,2519,-17,5
521,-16,5,2520,-17,5
522,-16,5,2521,-16,5
523,-16,5,2522,-16,5
524,-16,5,2523,-15,5
525,-16,5,2524,-15,5
526,-16,5,2525,-17,5
527,-16,5,2526,-18,5
528,-17,5,2527,-17,5
529,-16,5,2528,-16,5
530,-16,5,2529,-16,5
531,-17,5,2530,-16,5
532,-16,5,2531,-15,5
533,-16,5,2532,-15,5
534,-16,5,2533,-15,5
535,-18,5,2534,-14,5
536,-19,5,2535,-14,5
537,-18,5,2536,-13,5
538,-17,5,2537,-12,5
539,-18,5,2538,-12,5
540,-20,5,2539,-13,5
541,-20,5,2540,-13,5
542,-21,5,2541,-12,5
543,-20,5,2542,-12,5
544,-20,5,2543,-12,5
545,-19,5,2544,-13,5
546,-19,5,2545,-14,5
547,-19,5,2546,-14,5
548,-17,5,2547,-14,5
549,-17,5,2548,-14,5
550,-18,5,2549,-14,5
551,-18,5,2550,-12,5
552,-18,5,2551,-11,5
553,-17,5,2552,-12,5
554,-15,5,2553,-13,5
555,-16,5,2554,-13,5
556,-16,5,2555,-12,5
557,-15,5,2556,-13,5
558,-16,5,2557,-14,5
559,-16,5,2558,-15,5
560,-16,5,2559,-15,5
561,-17,5,2560,-13,5
562,-18,5,2561,-13,5
563,-18,5,2562,-13,5
564,-18,5,2563,-12,5
565,-18,5,2564,-12,5
566,-18,5,2565,-12,5
567,-18,5,2566,-12,5
568,-17,5,2567,-12,5
569,-17,5,2568,-11,5
570,-16,5,2569,-10,5
571,-15,5,2570,-10,5
572,-14,5,2571,-11,5
573,-14,5,2572,-12,5
574,-14,5,2573,-12,5
575,-15,5,2574,-13,5
576,-13,5,2575,-12,5
577,-10,5,2576,-12,5
578,-9,5,2577,-12,5
579,-10,5,2578,-12,5
580,-10,5,2579,-11,5
581,-11,5,2580,-11,5
582,-12,5,2581,-10,5
583,-12,5,2582,-10,5
584,-12,5,2583,-11,5
585,-12,5,2584,-13,5
586,-12,5,2585,-13,5
587,-12,5,2586,-14,5
588,-11,5,2587,-13,5
589,-11,5,2588,-11,5
590,-11,5,2589,-11,5
591,-12,5,2590,-11,5
592,-12,5,2591,-10,5
593,-13,5,2592,-11,5
594,-13,5,2593,-10,5
595,-13,5,2594,-10,5
596,-13,5,2595,-12,5
597,-12,5,2596,-12,5
598,-11,5,2597,-13,5
599,-10,5,2598,-13,5
600,-9,5,2599,-12,5
601,-8,5,2600,-11,5
602,-7,5,2601,-11,5
603,-7,5,2602,-11,5
604,-6,5,2603,-11,5
605,-5,5,2604,-12,5
606,-3,5,2605,-11,5
607,-2,5,2606,-10,5
608,-2,5,2607,-9,5
609,-2,5,2608,-9,5
610,-2,5,2609,-9,5
611,-2,5,2610,-9,5
612,-3,5,2611,-8,5
613,-5,5,2612,-8,5
614,-6,5,2613,-8,5
615,-9,5,2614,-9,5
616,-11,5,2615,-9,5
617,-13,5,2616,-9,5
618,-15,5,2617,-9,5
619,-17,5,2618,-9,5
620,-19,5,2619,-9,5
621,-20,5,2620,-8,5
622,-20,5,2621,-8,5
623,-20,5,2622,-9,5
624,-20,5,2623,-9,5
625,-20,5,2624,-9,5
626,-20,5,2625,-9,5
627,-20,5,2626,-9,5
628,-20,5,2627,-9,5
629,-21,5,2628,-10,5
630,-21,5,2629,-11,5
631,-22,5,2630,-9,5
632,-21,5,2631,-8,5
633,-22,5,2632,-8,5
634,-22,5,2633,-8,5
635,-22,5,2634,-7,5
636,-20,5,2635,-7,5
637,-20,5,2636,-6,5
638,-20,5,2637,-5,5
639,-20,5,2638,-4,5
640,-20,5,2639,-4,5
641,-20,5,2640,-4,5
642,-19,5,2641,-4,5
643,-20,5,2642,-4,5
644,-20,5,2643,-4,5
645,-20,5,2644,-6,5
646,-21,5,2645,-7,5
647,-20,5,2646,-8,5
648,-17,5,2647,-11,5
649,-14,5,2648,-15,5
650,-12,5,2649,-18,5
651,-10,5,2650,-20,5
652,-6,5,2651,-21,5
653,2,5,2652,-20,5
654,16,5,2653,-20,5
655,36,5,2654,-20,5
656,62,5,2655,-20,5
657,96,5,2656,-20,5
658,139,5,2657,-20,5
659,186,5,2658,-19,5
660,196,5,2659,-20,5
661,196,5,2660,-20,5
662,196,5,2661,-21,5
663,196,5,2662,-22,5
664,196,5,2663,-22,5
665,196,5,2664,-20,5
666,196,5,2665,-20,5
667,196,5,2666,-21,5
668,196,5,2667,-21,5
669,115,5,2668,-22,5
670,52,5,2669,-22,5
671,5,5,2670,-22,5
672,-30,5,2671,-22,5
673,-41,5,2672,-23,5
674,-41,5,2673,-22,5
675,-41,5,2674,-21,5
676,-41,5,2675,-21,5
677,-41,5,2676,-21,5
678,-41,5,2677,-20,5
679,-41,5,2678,-18,5
680,-34,5,2679,-15,5
681,-30,5,2680,-14,5
682,-26,5,2681,-12,5
683,-24,5,2682,-8,5
684,-24,5,2683,1,5
685,-25,5,2684,19,5
686,-24,5,2685,46,5
687,-23,5,2686,78,5
688,-21,5,2687,118,5
689,-19,5,2688,162,5
690,-18,5,2689,196,5
691,-17,5,2690,196,5
692,-16,5,2691,196,5
693,-16,5,2692,196,5
694,-15,5,2693,196,5
695,-14,5,2694,196,5
696,-14,5,2695,196,5
697,-15,5,2696,196,5
698,-14,5,2697,196,5
699,-13,5,2698,161,5
700,-12,5,2699,84,5
701,-12,5,2700,22,5
702,-12,5,2701,-23,5
703,-12,5,2702,-41,5
704,-13,5,2703,-41,5
705,-13,5,2704,-41,5
706,-14,5,2705,-41,5
707,-13,5,2706,-41,5
708,-13,5,2707,-41,5
709,-13,5,2708,-41,5
710,-13,5,2709,-41,5
711,-12,5,2710,-40,5
712,-11,5,2711,-35,5
713,-11,5,2712,-32,5
714,-10,5,2713,-29,5
715,-10,5,2714,-28,5
716,-9,5,2715,-26,5
717,-9,5,2716,-26,5
718,-8,5,2717,-25,5
719,-8,5,2718,-22,5
720,-7,5,2719,-19,5
721,-7,5,2720,-18,5
722,-9,5,2721,-16,5
723,-9,5,2722,-16,5
724,-8,5,2723,-17,5
725,-6,5,2724,-17,5
726,-6,5,2725,-17,5
727,-6,5,2726,-16,5
728,-7,5,2727,-16,5
729,-6,5,2728,-16,5
730,-6,5,2729,-16,5
731,-6,5,2730,-17,5
732,-6,5,2731,-17,5
733,-6,5,2732,-17,5
734,-6,5,2733,-17,5
735,-6,5,2734,-15,5
736,-6,5,2735,-12,5
737,-5,5,2736,-12,5
738,-5,5,2737,-11,5
739,-4,5,2738,-11,5
740,-3,5,2739,-11,5
741,-3,5,2740,-10,5
742,-3,5,2741,-10,5
743,-3,5,2742,-10,5
744,-2,5,2743,-9,5
745,-2,5,2744,-9,5
746,-2,5,2745,-9,5
747,-1,5,2746,-9,5
748,-1,5,2747,-9,5
749,-1,5,2748,-9,5
750,-2,5,2749,-9,5
751,-3,5,2750,-9,5
752,-2,5,2751,-10,5
753,0,5,2752,-10,5
754,0,5,2753,-10,5
755,1,5,2754,-9,5
756,1,5,2755,-8,5
757,1,5,2756,-7,5
758,1,5,2757,-6,5
759,2,5,2758,-6,5
760,3,5,2759,-8,5
761,3,5,2760,-9,5
762,4,5,2761,-7,5
763,4,5,2762,-7,5
764,5,5,2763,-6,5
765,7,5,2764,-6,5
766,8,5,2765,-6,5
767,8,5,2766,-6,5
768,10,5,2767,-6,5
769,11,5,2768,-5,5
770,13,5,2769,-4,5
771,13,5,2770,-4,5
772,14,5,2771,-4,5
773,16,5,2772,-3,5
774,18,5,2773,-2,5
775,19,5,2774,-1,5
776,20,5,2775,-1,5
777,22,5,2776,-1,5
778,24,5,2777,-1,5
779,25,5,2778,-2,5
780,26,5,2779,0,5
781,27,5,2780,0,5
782,28,5,2781,1,5
783,32,5,2782,0,5
784,35,5,2783,0,5
785,36,5,2784,0,5
786,37,5,2785,0,5
787,38,5,2786,3,5
788,40,5,2787,6,5
789,42,5,2788,7,5
790,43,5,2789,7,5
791,44,5,2790,7,5
792,46,5,2791,8,5
793,49,5,2792,8,5
794,51,5,2793,9,5
795,53,5,2794,10,5
796,55,5,2795,12,5
797,55,5,2796,14,5
798,56,5,2797,14,5
799,58,5,2798,15,5
800,59,5,2799,18,5
801,59,5,2800,21,5
802,60,5,2801,23,5
803,60,5,2802,24,5
804,61,5,2803,25,5
805,60,5,2804,26,5
806,61,5,2805,27,5
807,61,5,2806,28,5
808,61,5,2807,29,5
809,59,5,2808,31,5
810,58,5,2809,33,5
811,58,5,2810,33,5
812,56,5,2811,35,5
813,55,5,2812,37,5
814,53,5,2813,39,5
815,51,5,2814,42,5
816,49,5,2815,44,5
817,48,5,2816,45,5
818,46,5,2817,46,5
819,44,5,2818,46,5
820,43,5,2819,49,5
821,42,5,2820,51,5
822,39,5,2821,54,5
823,36,5,2822,56,5
824,32,5,2823,58,5
825,30,5,2824,60,5
826,27,5,2825,61,5
827,24,5,2826,63,5
828,22,5,2827,64,5
829,19,5,2828,64,5
830,15,5,2829,66,5
831,11,5,2830,67,5
832,7,5,2831,67,5
833,3,5,2832,67,5
834,1,5,2833,67,5
835,0,5,2834,68,5
836,-2,5,2835,68,5
837,-2,5,2836,68,5
838,-3,5,2837,69,5
839,-4,5,2838,69,5
840,-5,5,2839,69,5
841,-5,5,2840,68,5
842,-7,5,2841,67,5
843,-9,5,2842,66,5
844,-11,5,2843,65,5
845,-12,5,2844,63,5
846,-14,5,2845,61,5
847,-14,5,2846,58,5
848,-14,5,2847,57,5
849,-14,5,2848,53,5
850,-14,5,2849,48,5
851,-16,5,2850,44,5
852,-16,5,2851,40,5
853,-17,5,2852,37,5
854,-17,5,2853,34,5
855,-18,5,2854,33,5
856,-19,5,2855,31,5
857,-19,5,2856,29,5
858,-20,5,2857,26,5
859,-20,5,2858,23,5
860,-21,5,2859,20,5
861,-21,5,2860,17,5
862,-21,5,2861,14,5
863,-21,5,2862,11,5
864,-21,5,2863,9,5
865,-22,5,2864,7,5
866,-23,5,2865,6,5
867,-23,5,2866,5,5
868,-23,5,2867,2,5
869,-24,5,2868,0,5
870,-24,5,2869,-2,5
871,-25,5,2870,-2,5
872,-26,5,2871,-6,5
873,-25,5,2872,-8,5
874,-23,5,2873,-9,5
875,-23,5,2874,-11,5
876,-26,5,2875,-12,5
877,-27,5,2876,-11,5
878,-28,5,2877,-11,5
879,-29,5,2878,-12,5
880,-30,5,2879,-12,5
881,-30,5,2880,-14,5
882,-30,5,2881,-15,5
883,-29,5,2882,-16,5
884,-29,5,2883,-17,5
885,-29,5,2884,-18,5
886,-29,5,2885,-19,5
887,-29,5,2886,-18,5
888,-29,5,2887,-17,5
889,-30,5,2888,-16,5
890,-29,5,2889,-16,5
891,-29,5,2890,-18,5
892,-29,5,2891,-19,5
893,-28,5,2892,-20,5
894,-28,5,2893,-21,5
895,-28,5,2894,-20,5
896,-29,5,2895,-21,5
897,-28,5,2896,-23,5
898,-26,5,2897,-23,5
899,-26,5,2898,-22,5
900,-26,5,2899,-22,5
901,-27,5,2900,-24,5
902,-27,5,2901,-24,5
903,-26,5,2902,-24,5
904,-25,5,2903,-23,5
905,-23,5,2904,-23,5
906,-23,5,2905,-23,5
907,-23,5,2906,-24,5
908,-24,5,2907,-25,5
909,-24,5,2908,-25,5
910,-24,5,2909,-26,5
911,-24,5,2910,-24,5
912,-24,5,2911,-24,5
913,-24,5,2912,-23,5
914,-24,5,2913,-23,5
915,-24,5,2914,-23,5
916,-23,5,2915,-24,5
917,-21,5,2916,-26,5
918,-21,5,2917,-26,5
919,-22,5,2918,-26,5
920,-22,5,2919,-25,5
921,-22,5,2920,-23,5
922,-22,5,2921,-22,5
923,-22,5,2922,-22,5
924,-23,5,2923,-22,5
925,-22,5,2924,-22,5
926,-22,5,2925,-22,5
927,-20,5,2926,-22,5
928,-19,5,2927,-21,5
929,-18,5,2928,-21,5
930,-18,5,2929,-21,5
931,-18,5,2930,-22,5
932,-18,5,2931,-21,5
933,-17,5,2932,-20,5
934,-17,5,2933,-20,5
935,-17,5,2934,-21,5
936,-17,5,2935,-19,5
937,-17,5,2936,-18,5
938,-17,5,2937,-16,5
939,-18,5,2938,-15,5
940,-19,5,2939,-15,5
941,-20,5,2940,-14,5
942,-21,5,2941,-13,5
943,-20,5,2942,-12,5
944,-19,5,2943,-12,5
945,-19,5,2944,-14,5
946,-20,5,2945,-13,5
947,-19,5,2946,-13,5
948,-19,5,2947,-13,5
949,-19,5,2948,-12,5
950,-19,5,2949,-10,5
951,-19,5,2950,-9,5
952,-19,5,2951,-7,5
953,-20,5,2952,-7,5
954,-20,5,2953,-9,5
955,-19,5,2954,-11,5
956,-19,5,2955,-12,5
957,-19,5,2956,-11,5
958,-19,5,2957,-11,5
959,-19,5,2958,-11,5
960,-20,5,2959,-11,5
961,-21,5,2960,-11,5
962,-21,5,2961,-11,5
963,-20,5,2962,-11,5
964,-20,5,2963,-11,5
965,-20,5,2964,-11,5
966,-21,5,2965,-11,5
967,-20,5,2966,-11,5
968,-19,5,2967,-12,5
969,-19,5,2968,-12,5
970,-18,5,2969,-11,5
971,-18,5,2970,-10,5
972,-19,5,2971,-9,5
973,-20,5,2972,-9,5
974,-20,5,2973,-10,5
975,-20,5,2974,-10,5
976,-21,5,2975,-11,5
977,-22,5,2976,-9,5
978,-22,5,2977,-8,5
979,-23,5,2978,-8,5
980,-23,5,2979,-9,5
981,-23,5,2980,-9,5
982,-23,5,2981,-9,5
983,-22,5,2982,-11,5
984,-20,5,2983,-12,5
985,-19,5,2984,-12,5
986,-19,5,2985,-12,5
987,-20,5,2986,-13,5
988,-21,5,2987,-13,5
989,-22,5,2988,-12,5
990,-23,5,2989,-12,5
991,-23,5,2990,-11,5
992,-22,5,2991,-10,5
993,-22,5,2992,-9,5
994,-22,5,2993,-10,5
995,-22,5,2994,-11,5
996,-23,5,2995,-11,5
997,-23,5,2996,-12,5
998,-23,5,2997,-13,5
999,-23,5,2998,-15,5
1000,-23,5,2999,-14,5
1001,-22,5,3000,-14,5
1002,-20,5,3001,-16,5
1003,-20,5,3002,-17,5
1004,-20,5,3003,-16,5
1005,-19,5,3004,-17,5
1006,-18,5,3005,-17,5
1007,-18,5,3006,-16,5
1008,-20,5,3007,-16,5
1009,-18,5,3008,-15,5
1010,-17,5,3009,-15,5
1011,-15,5,3010,-15,5
1012,-15,5,3011,-15,5
1013,-16,5,3012,-15,5
1014,-18,5,3013,-15,5
1015,-20,5,3014,-17,5
1016,-21,5,3015,-17,5
1017,-22,5,3016,-16,5
1018,-21,5,3017,-15,5
1019,-21,5,3018,-15,5
1020,-22,5,3019,-15,5
1021,-22,5,3020,-15,5
1022,-23,5,3021,-15,5
1023,-24,5,3022,-15,5
1024,-23,5,3023,-14,5
1025,-21,5,3024,-14,5
1026,-19,5,3025,-14,5
1027,-19,5,3026,-14,5
1028,-19,5,3027,-13,5
1029,-18,5,3028,-12,5
1030,-19,5,3029,-12,5
1031,-19,5,3030,-13,5
1032,-17,5,3031,-13,5
1033,-16,5,3032,-14,5
1034,-16,5,3033,-14,5
1035,-18,5,3034,-13,5
1036,-19,5,3035,-12,5
1037,-20,5,3036,-12,5
1038,-18,5,3037,-14,5
1039,-18,5,3038,-16,5
1040,-20,5,3039,-16,5
1041,-19,5,3040,-16,5
1042,-19,5,3041,-16,5
1043,-19,5,3042,-16,5
1044,-20,5,3043,-16,5
1045,-20,5,3044,-15,5
1046,-20,5,3045,-15,5
1047,-19,5,3046,-15,5
1048,-19,5,3047,-15,5
1049,-19,5,3048,-15,5
1050,-19,5,3049,-15,5
1051,-20,5,3050,-15,5
1052,-20,5,3051,-15,5
1053,-19,5,3052,-15,5
1054,-19,5,3053,-15,5
1055,-20,5,3054,-14,5
1056,-19,5,3055,-14,5
1057,-17,5,3056,-16,5
1058,-17,5,3057,-18,5
1059,-17,5,3058,-16,5
1060,-16,5,3059,-15,5
1061,-16,5,3060,-15,5
1062,-15,5,3061,-15,5
1063,-14,5,3062,-15,5
1064,-14,5,3063,-16,5
1065,-15,5,3064,-15,5
1066,-15,5,3065,-15,5
1067,-16,5,3066,-15,5
1068,-17,5,3067,-15,5
1069,-16,5,3068,-17,5
1070,-16,5,3069,-16,5
1071,-17,5,3070,-15,5
1072,-17,5,3071,-14,5
1073,-17,5,3072,-14,5
1074,-18,5,3073,-13,5
1075,-18,5,3074,-13,5
1076,-17,5,3075,-13,5
1077,-16,5,3076,-12,5
1078,-15,5,3077,-14,5
1079,-14,5,3078,-14,5
1080,-13,5,3079,-15,5
1081,-12,5,3080,-15,5
1082,-11,5,3081,-14,5
1083,-10,5,3082,-15,5
1084,-9,5,3083,-15,5
1085,-9,5,3084,-16,5
1086,-11,5,3085,-16,5
1087,-11,5,3086,-16,5
1088,-11,5,3087,-16,5
1089,-11,5,3088,-16,5
1090,-10,5,3089,-16,5
1091,-9,5,3090,-16,5
1092,-8,5,3091,-16,5
1093,-7,5,3092,-15,5
1094,-5,5,3093,-14,5
1095,-3,5,3094,-15,5
1096,0,5,3095,-16,5
1097,3,5,3096,-16,5
1098,4,5,3097,-17,5
1099,6,5,3098,-18,5
1100,7,5,3099,-18,5
1101,7,5,3100,-16,5
1102,6,5,3101,-16,5
1103,5,5,3102,-16,5
1104,1,5,3103,-17,5
1105,-3,5,3104,-16,5
1106,-7,5,3105,-16,5
1107,-8,5,3106,-16,5
1108,-8,5,3107,-17,5
1109,-8,5,3108,-17,5
1110,-10,5,3109,-16,5
1111,-10,5,3110,-15,5
1112,-9,5,3111,-14,5
1113,-10,5,3112,-14,5
1114,-10,5,3113,-13,5
1115,-12,5,3114,-12,5
1116,-11,5,3115,-10,5
1117,-11,5,3116,-9,5
1118,-13,5,3117,-8,5
1119,-14,5,3118,-9,5
1120,-14,5,3119,-9,5
1121,-14,5,3120,-10,5
1122,-14,5,3121,-10,5
1123,-15,5,3122,-11,5
1124,-17,5,3123,-11,5
1125,-17,5,3124,-10,5
1126,-18,5,3125,-10,5
1127,-18,5,3126,-10,5
1128,-18,5,3127,-9,5
1129,-19,5,3128,-8,5
1130,-19,5,3129,-8,5
1131,-18,5,3130,-9,5
1132,-19,5,3131,-8,5
1133,-18,5,3132,-7,5
1134,-17,5,3133,-7,5
1135,-16,5,3134,-7,5
1136,-18,5,3135,-6,5
1137,-19,5,3136,-6,5
1138,-20,5,3137,-5,5
1139,-20,5,3138,-6,5
1140,-20,5,3139,-8,5
1141,-21,5,3140,-10,5
1142,-20,5,3141,-9,5
1143,-20,5,3142,-8,5
1144,-22,5,3143,-8,5
1145,-22,5,3144,-9,5
1146,-21,5,3145,-9,5
1147,-20,5,3146,-8,5
1148,-19,5,3147,-7,5
1149,-19,5,3148,-7,5
1150,-19,5,3149,-5,5
1151,-19,5,3150,-3,5
1152,-19,5,3151,0,5
1153,-16,5,3152,-1,5
1154,-12,5,3153,-2,5
1155,-8,5,3154,-3,5
1156,-5,5,3155,-3,5
1157,-1,5,3156,-5,5
1158,4,5,3157,-7,5
1159,21,5,3158,-8,5
1160,47,5,3159,-9,5
1161,78,5,3160,-11,5
1162,116,5,3161,-14,5
1163,157,5,3162,-17,5
1164,196,5,3163,-18,5
1165,196,5,3164,-18,5
1166,196,5,3165,-19,5
1167,196,5,3166,-17,5
1168,196,5,3167,-16,5
1169,196,5,3168,-16,5
1170,196,5,3169,-18,5
1171,196,5,3170,-19,5
1172,196,5,3171,-20,5
1173,157,5,3172,-22,5
1174,77,5,3173,-22,5
1175,15,5,3174,-21,5
1176,-31,5,3175,-22,5
1177,-41,5,3176,-22,5
1178,-41,5,3177,-22,5
1179,-41,5,3178,-21,5
1180,-41,5,3179,-21,5
1181,-41,5,3180,-20,5
1182,-41,5,3181,-19,5
1183,-41,5,3182,-20,5
1184,-41,5,3183,-19,5
1185,-37,5,3184,-19,5
1186,-33,5,3185,-18,5
1187,-30,5,3186,-19,5
1188,-26,5,3187,-21,5
1189,-23,5,3188,-21,5
1190,-21,5,3189,-20,5
1191,-18,5,3190,-19,5
1192,-17,5,3191,-17,5
1193,-15,5,3192,-14,5
1194,-14,5,3193,-10,5
1195,-13,5,3194,-7,5
1196,-11,5,3195,1,5
1197,-11,5,3196,18,5
1198,-11,5,3197,41,5
1199,-9,5,3198,67,5
1200,-8,5,3199,103,5
1201,-7,5,3200,146,5
1202,-7,5,3201,194,5
1203,-6,5,3202,196,5
1204,-5,5,3203,196,5
1205,-5,5,3204,196,5
1206,-5,5,3205,196,5
1207,-4,5,3206,196,5
1208,-4,5,3207,196,5
1209,-5,5,3208,196,5
1210,-4,5,3209,196,5
1211,-4,5,3210,196,5
1212,-4,5,3211,122,5
1213,-4,5,3212,58,5
1214,-4,5,3213,9,5
1215,-3,5,3214,-25,5
1216,-3,5,3215,-41,5
1217,-3,5,3216,-41,5
1218,-3,5,3217,-41,5
1219,-2,5,3218,-41,5
1220,-2,5,3219,-41,5
1221,-3,5,3220,-41,5
1222,-3,5,3221,-40,5
1223,-3,5,3222,-34,5
1224,-3,5,3223,-30,5
1225,-3,5,3224,-29,5
1226,-3,5,3225,-27,5
1227,-3,5,3226,-25,5
1228,-2,5,3227,-23,5
1229,-1,5,3228,-22,5
1230,0,5,3229,-20,5
1231,2,5,3230,-19,5
1232,1,5,3231,-20,5
1233,0,5,3232,-18,5
1234,0,5,3233,-16,5
1235,0,5,3234,-16,5
1236,1,5,3235,-16,5
1237,2,5,3236,-16,5
1238,2,5,3237,-15,5
1239,1,5,3238,-15,5
1240,0,5,3239,-15,5
1241,1,5,3240,-14,5
1242,0,5,3241,-15,5
1243,1,5,3242,-16,5
1244,3,5,3243,-16,5
1245,4,5,3244,-16,5
1246,3,5,3245,-16,5
1247,3,5,3246,-15,5
1248,3,5,3247,-14,5
1249,3,5,3248,-13,5
1250,4,5,3249,-14,5
1251,4,5,3250,-14,5
1252,5,5,3251,-14,5
1253,5,5,3252,-15,5
1254,5,5,3253,-13,5
1255,6,5,3254,-12,5
1256,8,5,3255,-12,5
1257,10,5,3256,-12,5
1258,10,5,3257,-13,5
1259,11,5,3258,-13,5
1260,12,5,3259,-14,5
1261,14,5,3260,-14,5
1262,15,5,3261,-12,5
1263,15,5,3262,-11,5
1264,16,5,3263,-11,5
1265,16,5,3264,-10,5
1266,16,5,3265,-8,5
1267,17,5,3266,-7,5
1268,18,5,3267,-7,5
1269,18,5,3268,-8,5
1270,20,5,3269,-8,5
1271,22,5,3270,-8,5
1272,22,5,3271,-10,5
1273,23,5,3272,-11,5
1274,25,5,3273,-10,5
1275,27,5,3274,-10,5
1276,28,5,3275,-8,5
1277,29,5,3276,-7,5
1278,29,5,3277,-6,5
1279,30,5,3278,-5,5
1280,32,5,3279,-3,5
1281,34,5,3280,-2,5
1282,36,5,3281,-3,5
1283,38,5,3282,-3,5
1284,39,5,3283,-3,5
1285,41,5,3284,-4,5
1286,43,5,3285,-4,5
1287,44,5,3286,-6,5
1288,46,5,3287,-6,5
1289,48,5,3288,-7,5
1290,51,5,3289,-7,5
1291,53,5,3290,-6,5
1292,56,5,3291,-3,5
1293,58,5,3292,0,5
1294,60,5,3293,1,5
1295,63,5,3294,1,5
1296,64,5,3295,1,5
1297,67,5,3296,1,5
1298,68,5,3297,0,5
1299,69,5,3298,0,5
1300,70,5,3299,1,5
1301,71,5,3300,2,5
1302,72,5,3301,2,5
1303,72,5,3302,2,5
1304,74,5,3303,1,5
1305,76,5,3304,2,5
1306,77,5,3305,4,5
1307,78,5,3306,6,5
1308,77,5,3307,6,5
1309,77,5,3308,6,5
1310,75,5,3309,7,5
1311,75,5,3310,8,5
1312,76,5,3311,10,5
1313,77,5,3312,11,5
1314,75,5,3313,13,5
1315,74,5,3314,15,5
1316,73,5,3315,17,5
1317,73,5,3316,18,5
1318,69,5,3317,19,5
1319,67,5,3318,21,5
1320,65,5,3319,22,5
1321,62,5,3320,23,5
1322,60,5,3321,23,5
1323,60,5,3322,24,5
1324,58,5,3323,25,5
1325,55,5,3324,27,5
1326,53,5,3325,30,5
1327,50,5,3326,31,5
1328,46,5,3327,33,5
1329,42,5,3328,35,5
1330,38,5,3329,37,5
1331,34,5,3330,38,5
1332,32,5,3331,40,5
1333,30,5,3332,42,5
1334,27,5,3333,45,5
1335,23,5,3334,48,5
1336,20,5,3335,50,5
1337,18,5,3336,51,5
1338,16,5,3337,54,5
1339,13,5,3338,56,5
1340,11,5,3339,58,5
1341,9,5,3340,60,5
1342,7,5,3341,61,5
1343,4,5,3342,61,5
1344,2,5,3343,62,5
1345,0,5,3344,62,5
1346,0,5,3345,62,5
1347,-2,5,3346,63,5
1348,-4,5,3347,62,5
1349,-5,5,3348,62,5
1350,-6,5,3349,63,5
1351,-8,5,3350,63,5
1352,-8,5,3351,63,5
1353,-8,5,3352,63,5
1354,-9,5,3353,63,5
1355,-10,5,3354,61,5
1356,-11,5,3355,60,5
1357,-12,5,3356,57,5
1358,-11,5,3357,56,5
1359,-11,5,3358,54,5
1360,-11,5,3359,53,5
1361,-12,5,3360,51,5
1362,-14,5,3361,48,5
1363,-15,5,3362,45,5
1364,-15,5,3363,42,5
1365,-15,5,3364,38,5
1366,-16,5,3365,36,5
1367,-17,5,3366,34,5
1368,-18,5,3367,30,5
1369,-19,5,3368,26,5
1370,-19,5,3369,22,5
1371,-19,5,3370,19,5
1372,-20,5,3371,17,5
1373,-21,5,3372,15,5
1374,-21,5,3373,13,5
1375,-22,5,3374,11,5
1376,-23,5,3375,9,5
1377,-21,5,3376,7,5
1378,-19,5,3377,3,5
1379,-19,5,3378,0,5
1380,-20,5,3379,-1,5
1381,-20,5,3380,-3,5
1382,-20,5,3381,-5,5
1383,-20,5,3382,-7,5
1384,-19,5,3383,-10,5
1385,-19,5,3384,-10,5
1386,-20,5,3385,-10,5
1387,-21,5,3386,-11,5
1388,-22,5,3387,-12,5
1389,-21,5,3388,-14,5
1390,-20,5,3389,-15,5
1391,-19,5,3390,-17,5
1392,-19,5,3391,-19,5
1393,-20,5,3392,-20,5
1394,-21,5,3393,-21,5
1395,-20,5,3394,-21,5
1396,-18,5,3395,-22,5
1397,-18,5,3396,-23,5
1398,-17,5,3397,-23,5
1399,-17,5,3398,-23,5
1400,-17,5,3399,-23,5
1401,-18,5,3400,-22,5
1402,-18,5,3401,-22,5
1403,-18,5,3402,-22,5
1404,-17,5,3403,-22,5
1405,-15,5,3404,-22,5
1406,-15,5,3405,-21,5
1407,-16,5,3406,-23,5
1408,-15,5,3407,-25,5
1409,-14,5,3408,-25,5
1410,-14,5,3409,-25,5
1411,-14,5,3410,-25,5
1412,-14,5,3411,-24,5
1413,-12,5,3412,-24,5
1414,-11,5,3413,-25,5
1415,-11,5,3414,-25,5
1416,-12,5,3415,-25,5
1417,-12,5,3416,-25,5
1418,-11,5,3417,-26,5
1419,-12,5,3418,-27,5
1420,-12,5,3419,-28,5
1421,-12,5,3420,-28,5
1422,-11,5,3421,-28,5
1423,-9,5,3422,-27,5
1424,-9,5,3423,-28,5
1425,-8,5,3424,-29,5
1426,-7,5,3425,-29,5
1427,-7,5,3426,-29,5
1428,-5,5,3427,-30,5
1429,-5,5,3428,-30,5
1430,-5,5,3429,-30,5
1431,-7,5,3430,-29,5
1432,-6,5,3431,-29,5
1433,-6,5,3432,-29,5
1434,-7,5,3433,-29,5
1435,-9,5,3434,-29,5
1436,-9,5,3435,-30,5
1437,-9,5,3436,-31,5
1438,-7,5,3437,-32,5
1439,-7,5,3438,-33,5
1440,-7,5,3439,-33,5
1441,-6,5,3440,-33,5
1442,-7,5,3441,-32,5
1443,-7,5,3442,-31,5
1444,-7,5,3443,-31,5
1445,-7,5,3444,-32,5
1446,-9,5,3445,-30,5
1447,-9,5,3446,-29,5
1448,-9,5,3447,-30,5
1449,-8,5,3448,-28,5
1450,-8,5,3449,-27,5
1451,-7,5,3450,-27,5
1452,-7,5,3451,-28,5
1453,-8,5,3452,-30,5
1454,-9,5,3453,-30,5
1455,-10,5,3454,-30,5
1456,-10,5,3455,-30,5
1457,-9,5,3456,-30,5
1458,-8,5,3457,-30,5
1459,-8,5,3458,-30,5
1460,-8,5,3459,-29,5
1461,-10,5,3460,-28,5
1462,-11,5,3461,-28,5
1463,-11,5,3462,-26,5
1464,-10,5,3463,-24,5
1465,-9,5,3464,-24,5
1466,-10,5,3465,-23,5
1467,-11,5,3466,-23,5
1468,-11,5,3467,-23,5
1469,-12,5,3468,-23,5
1470,-13,5,3469,-23,5
1471,-13,5,3470,-24,5
1472,-13,5,3471,-24,5
1473,-12,5,3472,-23,5
1474,-11,5,3473,-22,5
1475,-11,5,3474,-22,5
1476,-11,5,3475,-22,5
1477,-11,5,3476,-23,5
1478,-11,5,3477,-23,5
1479,-12,5,3478,-23,5
1480,-11,5,3479,-23,5
1481,-10,5,3480,-20,5
1482,-10,5,3481,-19,5
1483,-10,5,3482,-19,5
1484,-10,5,3483,-21,5
1485,-12,5,3484,-22,5
1486,-14,5,3485,-22,5
1487,-14,5,3486,-22,5
1488,-14,5,3487,-21,5
1489,-14,5,3488,-22,5
1490,-14,5,3489,-23,5
1491,-14,5,3490,-24,5
1492,-16,5,3491,-24,5
1493,-16,5,3492,-24,5
1494,-15,5,3493,-25,5
1495,-15,5,3494,-24,5
1496,-15,5,3495,-22,5
1497,-16,5,3496,-21,5
1498,-15,5,3497,-20,5
1499,-13,5,3498,-20,5
1500,-12,5,3499,-22,5
1501,-13,5,3500,-23,5
1502,-15,5,3501,-24,5
1503,-15,5,3502,-23,5
1504,-15,5,3503,-22,5
1505,-14,5,3504,-22,5
1506,-14,5,3505,-22,5
1507,-14,5,3506,-22,5
1508,-15,5,3507,-22,5
1509,-15,5,3508,-22,5
1510,-15,5,3509,-23,5
1511,-16,5,3510,-24,5
1512,-17,5,3511,-24,5
1513,-16,5,3512,-23,5
1514,-16,5,3513,-23,5
1515,-16,5,3514,-23,5
1516,-17,5,3515,-24,5
1517,-17,5,3516,-23,5
1518,-17,5,3517,-23,5
1519,-15,5,3518,-23,5
1520,-14,5,3519,-23,5
1521,-14,5,3520,-23,5
1522,-14,5,3521,-23,5
1523,-14,5,3522,-24,5
1524,-14,5,3523,-25,5
1525,-14,5,3524,-25,5
1526,-15,5,3525,-24,5
1527,-16,5,3526,-24,5
1528,-16,5,3527,-23,5
1529,-16,5,3528,-23,5
1530,-16,5,3529,-23,5
1531,-16,5,3530,-24,5
1532,-16,5,3531,-23,5
1533,-16,5,3532,-23,5
1534,-18,5,3533,-25,5
1535,-19,5,3534,-25,5
1536,-19,5,3535,-25,5
1537,-18,5,3536,-26,5
1538,-17,5,3537,-26,5
1539,-17,5,3538,-26,5
1540,-17,5,3539,-26,5
1541,-18,5,3540,-27,5
1542,-18,5,3541,-26,5
1543,-17,5,3542,-26,5
1544,-17,5,3543,-26,5
1545,-18,5,3544,-26,5
1546,-18,5,3545,-24,5
1547,-18,5,3546,-23,5
1548,-17,5,3547,-22,5
1549,-19,5,3548,-22,5
1550,-20,5,3549,-22,5
1551,-21,5,3550,-21,5
1552,-20,5,3551,-21,5
1553,-20,5,3552,-23,5
1554,-20,5,3553,-24,5
1555,-19,5,3554,-25,5
1556,-18,5,3555,-25,5
1557,-17,5,3556,-25,5
1558,-18,5,3557,-25,5
1559,-18,5,3558,-24,5
1560,-17,5,3559,-23,5
1561,-17,5,3560,-23,5
1562,-17,5,3561,-24,5
1563,-17,5,3562,-24,5
1564,-16,5,3563,-23,5
1565,-16,5,3564,-23,5
1566,-16,5,3565,-22,5
1567,-16,5,3566,-21,5
1568,-16,5,3567,-22,5
1569,-15,5,3568,-22,5
1570,-15,5,3569,-23,5
1571,-14,5,3570,-24,5
1572,-14,5,3571,-24,5
1573,-14,5,3572,-23,5
1574,-15,5,3573,-23,5
1575,-16,5,3574,-23,5
1576,-15,5,3575,-22,5
1577,-16,5,3576,-22,5
1578,-15,5,3577,-22,5
1579,-14,5,3578,-22,5
1580,-13,5,3579,-23,5
1581,-13,5,3580,-22,5
1582,-12,5,3581,-22,5
1583,-11,5,3582,-22,5
1584,-10,5,3583,-22,5
1585,-8,5,3584,-22,5
1586,-9,5,3585,-22,5
1587,-9,5,3586,-21,5
1588,-10,5,3587,-21,5
1589,-11,5,3588,-21,5
1590,-11,5,3589,-22,5
1591,-10,5,3590,-22,5
1592,-11,5,3591,-22,5
1593,-11,5,3592,-23,5
1594,-13,5,3593,-22,5
1595,-13,5,3594,-22,5
1596,-12,5,3595,-22,5
1597,-10,5,3596,-22,5
1598,-9,5,3597,-22,5
1599,-9,5,3598,-21,5
1600,-9,5,3599,-20,5
1601,-10,5,3600,-22,5
1602,-10,5,3601,-22,5
1603,-11,5,3602,-22,5
1604,-11,5,3603,-23,5
1605,-10,5,3604,-23,5
1606,-10,5,3605,-21,5
1607,-10,5,3606,-19,5
1608,-9,5,3607,-18,5
1609,-7,5,3608,-18,5
1610,-6,5,3609,-18,5
1611,-4,5,3610,-19,5
1612,-3,5,3611,-20,5
1613,-3,5,3612,-21,5
1614,-3,5,3613,-22,5
1615,-2,5,3614,-23,5
1616,-3,5,3615,-23,5
1617,-3,5,3616,-22,5
1618,-3,5,3617,-21,5
1619,-5,5,3618,-20,5
1620,-7,5,3619,-18,5
1621,-9,5,3620,-18,5
1622,-10,5,3621,-20,5
1623,-12,5,3622,-20,5
1624,-15,5,3623,-18,5
1625,-17,5,3624,-18,5
1626,-18,5,3625,-18,5
1627,-19,5,3626,-19,5
1628,-19,5,3627,-19,5
1629,-18,5,3628,-19,5
1630,-17,5,3629,-18,5
1631,-17,5,3630,-18,5
1632,-18,5,3631,-20,5
1633,-18,5,3632,-18,5
1634,-19,5,3633,-16,5
1635,-19,5,3634,-13,5
1636,-19,5,3635,-13,5
1637,-19,5,3636,-13,5
1638,-20,5,3637,-14,5
1639,-20,5,3638,-15,5
1640,-20,5,3639,-15,5
1641,-19,5,3640,-15,5
1642,-19,5,3641,-14,5
1643,-20,5,3642,-14,5
1644,-21,5,3643,-13,5
1645,-22,5,3644,-12,5
1646,-22,5,3645,-11,5
1647,-21,5,3646,-10,5
1648,-21,5,3647,-10,5
1649,-20,5,3648,-11,5
1650,-19,5,3649,-11,5
1651,-18,5,3650,-11,5
1652,-19,5,3651,-11,5
1653,-18,5,3652,-11,5
1654,-16,5,3653,-12,5
1655,-14,5,3654,-14,5
1656,-12,5,3655,-15,5
1657,-8,5,3656,-14,5
1658,-4,5,3657,-12,5
1659,1,5,3658,-10,5
1660,15,5,3659,-9,5
1661,38,5,3660,-8,5
1662,64,5,3661,-8,5
1663,98,5,3662,-7,5
1664,139,5,3663,-7,5
1665,187,5,3664,-8,5
1666,196,5,3665,-6,5
1667,196,5,3666,-4,5
1668,196,5,3667,-3,5
1669,196,5,3668,-2,5
1670,196,5,3669,-3,5
1671,196,5,3670,-6,5
1672,196,5,3671,-9,5
1673,196,5,3672,-12,5
1674,196,5,3673,-13,5
1675,136,5,3674,-15,5
1676,67,5,3675,-16,5
1677,13,5,3676,-18,5
1678,-26,5,3677,-19,5
1679,-41,5,3678,-20,5
1680,-41,5,3679,-21,5
1681,-41,5,3680,-23,5
1682,-41,5,3681,-22,5
1683,-41,5,3682,-21,5
1684,-41,5,3683,-20,5
1685,-41,5,3684,-19,5
1686,-38,5,3685,-19,5
1687,-33,5,3686,-19,5
1688,-30,5,3687,-21,5
1689,-27,5,3688,-23,5
1690,-24,5,3689,-23,5
1691,-22,5,3690,-22,5
1692,-21,5,3691,-21,5
1693,-18,5,3692,-20,5
1694,-16,5,3693,-19,5
1695,-15,5,3694,-19,5
1696,-15,5,3695,-19,5
1697,-15,5,3696,-19,5
1698,-15,5,3697,-19,5
1699,-15,5,3698,-19,5
1700,-15,5,3699,-20,5
1701,-15,5,3700,-20,5
1702,-14,5,3701,-19,5
1703,-13,5,3702,-19,5
1704,-11,5,3703,-21,5
1705,-10,5,3704,-21,5
1706,-9,5,3705,-20,5
1707,-8,5,3706,-17,5
1708,-8,5,3707,-13,5
1709,-8,5,3708,-10,5
1710,-8,5,3709,-6,5
1711,-9,5,3710,-2,5
1712,-9,5,3711,12,5
1713,-9,5,3712,39,5
1714,-9,5,3713,72,5
1715,-10,5,3714,110,5
1716,-11,5,3715,152,5
1717,-11,5,3716,196,5
1718,-10,5,3717,196,5
1719,-8,5,3718,196,5
1720,-7,5,3719,196,5
1721,-6,5,3720,196,5
1722,-6,5,3721,196,5
1723,-6,5,3722,196,5
1724,-6,5,3723,196,5
1725,-6,5,3724,196,5
1726,-5,5,3725,189,5
1727,-5,5,3726,105,5
1728,-5,5,3727,40,5
1729,-5,5,3728,-10,5
1730,-4,5,3729,-41,5
1731,-5,5,3730,-41,5
1732,-5,5,3731,-41,5
1733,-4,5,3732,-41,5
1734,-4,5,3733,-41,5
1735,-4,5,3734,-41,5
1736,-4,5,3735,-41,5
1737,-4,5,3736,-41,5
1738,-2,5,3737,-41,5
1739,-2,5,3738,-36,5
1740,-3,5,3739,-31,5
1741,-4,5,3740,-27,5
1742,-3,5,3741,-25,5
1743,-3,5,3742,-25,5
1744,-3,5,3743,-24,5
1745,-5,5,3744,-22,5
1746,-4,5,3745,-19,5
1747,-2,5,3746,-17,5
1748,-1,5,3747,-14,5
1749,-2,5,3748,-12,5
1750,-2,5,3749,-10,5
1751,-2,5,3750,-10,5
1752,-1,5,3751,-11,5
1753,0,5,3752,-12,5
1754,0,5,3753,-13,5
1755,-1,5,3754,-11,5
1756,-1,5,3755,-11,5
1757,0,5,3756,-11,5
1758,0,5,3757,-11,5
1759,1,5,3758,-11,5
1760,2,5,3759,-12,5
1761,3,5,3760,-11,5
1762,3,5,3761,-11,5
1763,3,5,3762,-10,5
1764,4,5,3763,-9,5
1765,5,5,3764,-9,5
1766,6,5,3765,-8,5
1767,7,5,3766,-7,5
1768,9,5,3767,-7,5
1769,10,5,3768,-7,5
1770,12,5,3769,-5,5
1771,13,5,3770,-4,5
1772,13,5,3771,-4,5
1773,13,5,3772,-4,5
1774,15,5,3773,-5,5
1775,17,5,3774,-4,5
1776,17,5,3775,-2,5
1777,18,5,3776,-1,5
1778,21,5,3777,-1,5
1779,23,5,3778,-1,5
1780,25,5,3779,-2,5
1781,25,5,3780,-3,5
1782,27,5,3781,-5,5
1783,28,5,3782,-6,5
1784,29,5,3783,-6,5
1785,31,5,3784,-5,5
1786,33,5,3785,-3,5
1787,33,5,3786,-2,5
1788,34,5,3787,0,5
1789,36,5,3788,0,5
1790,40,5,3789,0,5
1791,42,5,3790,1,5
1792,44,5,3791,0,5
1793,46,5,3792,0,5
1794,49,5,3793,0,5
1795,51,5,3794,0,5
1796,51,5,3795,-1,5
1797,51,5,3796,-1,5
1798,52,5,3797,-1,5
1799,54,5,3798,0,5
1800,58,5,3799,0,5
1801,61,5,3800,1,5
1802,63,5,3801,2,5
1803,64,5,3802,3,5
1804,65,5,3803,3,5
1805,66,5,3804,3,5
1806,66,5,3805,6,5
1807,67,5,3806,7,5
1808,68,5,3807,5,5
1809,69,5,3808,5,5
1810,71,5,3809,5,5
1811,72,5,3810,5,5
1812,70,5,3811,7,5
1813,68,5,3812,7,5
1814,68,5,3813,7,5
1815,67,5,3814,8,5
1816,68,5,3815,9,5
1817,68,5,3816,11,5
1818,68,5,3817,12,5
1819,67,5,3818,13,5
1820,65,5,3819,14,5
1821,61,5,3820,16,5
1822,58,5,3821,17,5
1823,56,5,3822,18,5
1824,54,5,3823,19,5
1825,51,5,3824,19,5
1826,49,5,3825,21,5
1827,46,5,3826,24,5
1828,44,5,3827,25,5
1829,42,5,3828,25,5
1830,39,5,3829,26,5
1831,36,5,3830,27,5
1832,33,5,3831,29,5
1833,29,5,3832,31,5
1834,25,5,3833,33,5
1835,23,5,3834,33,5
1836,20,5,3835,33,5
1837,18,5,3836,35,5
1838,15,5,3837,38,5
1839,12,5,3838,40,5
1840,9,5,3839,43,5
1841,5,5,3840,44,5
1842,3,5,3841,47,5
1843,3,5,3842,49,5
1844,1,5,3843,50,5
1845,0,5,3844,52,5
1846,-2,5,3845,53,5
1847,-3,5,3846,55,5
1848,-4,5,3847,56,5
1849,-6,5,3848,58,5
1850,-6,5,3849,60,5
1851,-8,5,3850,61,5
1852,-10,5,3851,63,5
1853,-10,5,3852,64,5
1854,-11,5,3853,67,5
1855,-11,5,3854,70,5
1856,-11,5,3855,72,5
1857,-11,5,3856,74,5
1858,-12,5,3857,75,5
1859,-15,5,3858,77,5
1860,-15,5,3859,77,5
1861,-16,5,3860,77,5
1862,-16,5,3861,76,5
1863,-16,5,3862,76,5
1864,-17,5,3863,76,5
1865,-17,5,3864,76,5
1866,-18,5,3865,76,5
1867,-18,5,3866,76,5
1868,-19,5,3867,76,5
1869,-19,5,3868,76,5
1870,-18,5,3869,73,5
1871,-18,5,3870,72,5
1872,-17,5,3871,71,5
1873,-16,5,3872,68,5
1874,-17,5,3873,65,5
1875,-18,5,3874,63,5
1876,-19,5,3875,61,5
1877,-19,5,3876,59,5
1878,-19,5,3877,57,5
1879,-20,5,3878,54,5
1880,-21,5,3879,50,5
1881,-19,5,3880,47,5
1882,-19,5,3881,44,5
1883,-20,5,3882,41,5
1884,-22,5,3883,38,5
1885,-23,5,3884,36,5
1886,-24,5,3885,32,5
1887,-23,5,3886,28,5
1888,-24,5,3887,24,5
1889,-22,5,3888,21,5
1890,-22,5,3889,17,5
1891,-23,5,3890,14,5
1892,-24,5,3891,12,5
1893,-25,5,3892,11,5
1894,-26,5,3893,9,5
1895,-26,5,3894,6,5
1896,-26,5,3895,4,5
1897,-26,5,3896,1,5
1898,-25,5,3897,0,5
1899,-25,5,3898,0,5
1900,-25,5,3899,-2,5
1901,-24,5,3900,-5,5
1902,-24,5,3901,-7,5
1903,-24,5,3902,-8,5
1904,-24,5,3903,-9,5
1905,-23,5,3904,-9,5
1906,-23,5,3905,-7,5
1907,-23,5,3906,-6,5
1908,-23,5,3907,-6,5
1909,-23,5,3908,-7,5
1910,-23,5,3909,-8,5
1911,-21,5,3910,-9,5
1912,-20,5,3911,-10,5
1913,-19,5,3912,-10,5
1914,-20,5,3913,-12,5
1915,-22,5,3914,-14,5
1916,-22,5,3915,-15,5
1917,-22,5,3916,-15,5
1918,-21,5,3917,-16,5
1919,-21,5,3918,-16,5
1920,-20,5,3919,-15,5
1921,-19,5,3920,-15,5
1922,-18,5,3921,-15,5
1923,-18,5,3922,-16,5
1924,-18,5,3923,-17,5
1925,-17,5,3924,-18,5
1926,-16,5,3925,-18,5
1927,-14,5,3926,-18,5
1928,-14,5,3927,-19,5
1929,-15,5,3928,-19,5
1930,-14,5,3929,-19,5
1931,-13,5,3930,-20,5
1932,-14,5,3931,-21,5
1933,-14,5,3932,-22,5
1934,-15,5,3933,-22,5
1935,-15,5,3934,-22,5
1936,-16,5,3935,-22,5
1937,-15,5,3936,-21,5
1938,-14,5,3937,-22,5
1939,-14,5,3938,-23,5
1940,-14,5,3939,-22,5
1941,-14,5,3940,-21,5
1942,-13,5,3941,-20,5
1943,-11,5,3942,-19,5
1944,-11,5,3943,-21,5
1945,-11,5,3944,-21,5
1946,-11,5,3945,-21,5
1947,-12,5,3946,-21,5
1948,-13,5,3947,-20,5
1949,-12,5,3948,-20,5
1950,-10,5,3949,-20,5
1951,-9,5,3950,-21,5
1952,-10,5,3951,-22,5
1953,-12,5,3952,-22,5
1954,-14,5,3953,-21,5
1955,-14,5,3954,-20,5
1956,-14,5,3955,-18,5
1957,-15,5,3956,-18,5
1958,-15,5,3957,-19,5
1959,-15,5,3958,-18,5
1960,-15,5,3959,-17,5
1961,-16,5,3960,-16,5
1962,-14,5,3961,-15,5
1963,-13,5,3962,-14,5
1964,-13,5,3963,-13,5
1965,-11,5,3964,-13,5
1966,-11,5,3965,-15,5
1967,-11,5,3966,-14,5
1968,-12,5,3967,-13,5
1969,-12,5,3968,-13,5
1970,-12,5,3969,-13,5
1971,-13,5,3970,-12,5
1972,-13,5,3971,-11,5
1973,-14,5,3972,-11,5
1974,-14,5,3973,-12,5
1975,-13,5,3974,-12,5
1976,-12,5,3975,-11,5
1977,-12,5,3976,-10,5
1978,-12,5,3977,-10,5
1979,-12,5,3978,-10,5
1980,-13,5,3979,-10,5
1981,-13,5,3980,-10,5
1982,-13,5,3981,-8,5
1983,-13,5,3982,-7,5
1984,-15,5,3983,-7,5
1985,-15,5,3984,-8,5
1986,-15,5,3985,-8,5
1987,-15,5,3986,-9,5
1988,-15,5,3987,-10,5
1989,-14,5,3988,-10,5
1990,-14,5,3989,-9,5
1991,-14,5,3990,-9,5
1992,-13,5,3991,-10,5
1993,-13,5,3992,-10,5
1994,-13,5,3993,-10,5
1995,-13,5,3994,-9,5
1996,-13,5,3995,-8,5
1997,-14,5,3996,-8,5
1998,-14,5,3997,-8,5
1999,-14,5,3998,-9,5
2000,-16,5,3999,-10,5
2001,-16,5,4000,-11,5
2002,-16,5,4001,-11,5
2003,-15,5,4002,-11,5
2004,-15,5,4003,-11,5
2005,-16,5,4004,-11,5
2006,-16,5,4005,-12,5
2007,-15,5,4006,-12,5
2008,-15,5,4007,-12,5
2009,-15,5,4008,-12,5
2010,-16,5,4009,-12,5
2011,-15,5,4010,-13,5
2012,-15,5,4011,-12,5
2013,-15,5,4012,-12,5
2014,-15,5,4013,-11,5
2015,-16,5,4014,-11,5
2016,-16,5,4015,-11,5
2017,-15,5,4016,-10,5
2018,-15,5,4017,-10,5
2019,-16,5,4018,-11,5
2020,-16,5,4019,-12,5
2021,-16,5,4020,-13,5
2022,-14,5,4021,-14,5
2023,-14,5,4022,-14,5
2024,-14,5,4023,-14,5
2025,-14,5,4024,-14,5
2026,-15,5,4025,-14,5
2027,-15,5,4026,-14,5
2028,-15,5,4027,-14,5
2029,-15,5,4028,-14,5
2030,-14,5,4029,-14,5
2031,-13,5,4030,-14,5
2032,-13,5,4031,-14,5
2033,-13,5,4032,-15,5
2034,-14,5,4033,-14,5
2035,-15,5,4034,-12,5
2036,-13,5,4035,-12,5
2037,-13,5,4036,-14,5
2038,-14,5,4037,-15,5
2039,-16,5,4038,-15,5
2040,-17,5,4039,-16,5
2041,-17,5,4040,-16,5
2042,-17,5,4041,-16,5
2043,-17,5,4042,-17,5
2044,-16,5,4043,-16,5
2045,-16,5,4044,-15,5
2046,-15,5,4045,-14,5
2047,-15,5,4046,-13,5
2048,-16,5,4047,-13,5
2049,-17,5,4048,-14,5
2050,-17,5,4049,-14,5
2051,-17,5,4050,-14,5
2052,-17,5,4051,-15,5
2053,-17,5,4052,-15,5
2054,-16,5,4053,-14,5
2055,-16,5,4054,-14,5
2056,-15,5,4055,-14,5
2057,-16,5,4056,-15,5
2058,-16,5,4057,-16,5
2059,-15,5,4058,-16,5
2060,-15,5,4059,-16,5
2061,-15,5,4060,-16,5
2062,-15,5,4061,-17,5
2063,-17,5,4062,-16,5
2064,-17,5,4063,-15,5
2065,-17,5,4064,-15,5
2066,-16,5,4065,-14,5
2067,-15,5,4066,-13,5
2068,-15,5,4067,-13,5
2069,-15,5,4068,-13,5
2070,-15,5,4069,-15,5
2071,-14,5,4070,-16,5
2072,-14,5,4071,-17,5
2073,-15,5,4072,-19,5
2074,-15,5,4073,-19,5
2075,-16,5,4074,-18,5
2076,-16,5,4075,-18,5
2077,-14,5,4076,-18,5
2078,-14,5,4077,-18,5
2079,-14,5,4078,-17,5
2080,-15,5,4079,-15,5
2081,-14,5,4080,-15,5
2082,-14,5,4081,-15,5
2083,-15,5,4082,-15,5
2084,-14,5,4083,-14,5
2085,-15,5,4084,-15,5
2086,-15,5,4085,-15,5
2087,-15,5,4086,-15,5
2088,-15,5,4087,-15,5
2089,-16,5,4088,-15,5
2090,-16,5,4089,-15,5
2091,-16,5,4090,-15,5
2092,-15,5,4091,-15,5
2093,-15,5,4092,-14,5
2094,-15,5,4093,-13,5
2095,-14,5,4094,-12,5
2096,-13,5,4095,-13,5
2097,-12,5,4096,-14,5
2098,-11,5,4097,-15,5
2099,-12,5,4098,-15,5
2100,-12,5,4099,-16,5
2101,-11,5,4100,-17,5
2102,-10,5,4101,-18,5
2103,-10,5,4102,-19,5
2104,-10,5,4103,-19,5
2105,-10,5,4104,-18,5
2106,-10,5,4105,-18,5
2107,-9,5,4106,-17,5
2108,-9,5,4107,-16,5
2109,-9,5,4108,-14,5
2110,-8,5,4109,-12,5
2111,-8,5,4110,-12,5
2112,-8,5,4111,-14,5
2113,-8,5,4112,-15,5
2114,-8,5,4113,-16,5
2115,-7,5,4114,-17,5
2116,-8,5,4115,-16,5
2117,-8,5,4116,-16,5
2118,-7,5,4117,-17,5
2119,-8,5,4118,-17,5
2120,-9,5,4119,-16,5
2121,-8,5,4120,-15,5
2122,-8,5,4121,-15,5
2123,-8,5,4122,-15,5
2124,-8,5,4123,-15,5
2125,-8,5,4124,-15,5
2126,-6,5,4125,-15,5
2127,-3,5,4126,-15,5
2128,-2,5,4127,-15,5
2129,-1,5,4128,-16,5
2130,-1,5,4129,-16,5
2131,-1,5,4130,-15,5
2132,-3,5,4131,-15,5
2133,-3,5,4132,-14,5
2134,-3,5,4133,-12,5
2135,-4,5,4134,-11,5
2136,-6,5,4135,-11,5
2137,-7,5,4136,-11,5
2138,-10,5,4137,-11,5
2139,-11,5,4138,-11,5
2140,-12,5,4139,-10,5
2141,-14,5,4140,-9,5
2142,-15,5,4141,-9,5
2143,-17,5,4142,-8,5
2144,-18,5,4143,-8,5
2145,-20,5,4144,-8,5
2146,-19,5,4145,-9,5
2147,-19,5,4146,-9,5
2148,-19,5,4147,-11,5
2149,-19,5,4148,-12,5
2150,-18,5,4149,-11,5
2151,-18,5,4150,-11,5
2152,-18,5,4151,-11,5
2153,-19,5,4152,-11,5
2154,-20,5,4153,-10,5
2155,-20,5,4154,-8,5
2156,-21,5,4155,-8,5
2157,-21,5,4156,-8,5
2158,-20,5,4157,-8,5
2159,-21,5,4158,-8,5
2160,-21,5,4159,-8,5
2161,-21,5,4160,-10,5
2162,-20,5,4161,-9,5
2163,-20,5,4162,-8,5
2164,-20,5,4163,-8,5
2165,-21,5,4164,-9,5
2166,-19,5,4165,-8,5
2167,-19,5,4166,-6,5
2168,-19,5,4167,-5,5
2169,-19,5,4168,-4,5
2170,-19,5,4169,-4,5
2171,-17,5,4170,-3,5
2172,-15,5,4171,-1,5
2173,-11,5,4172,-1,5
2174,-5,5,4173,-1,5
2175,1,5,4174,-3,5
2176,17,5,4175,-5,5
2177,39,5,4176,-7,5
2178,65,5,4177,-11,5
2179,98,5,4178,-13,5
2180,140,5,4179,-14,5
2181,187,5,4180,-15,5
2182,196,5,4181,-16,5
2183,196,5,4182,-18,5
2184,196,5,4183,-19,5
2185,196,5,4184,-20,5
2186,196,5,4185,-20,5
2187,196,5,4186,-20,5
2188,196,5,4187,-20,5
2189,196,5,4188,-20,5
2190,196,5,4189,-20,5
2191,128,5,4190,-20,5
2192,61,5,4191,-20,5
2193,8,5,4192,-21,5
2194,-28,5,4193,-20,5
2195,-41,5,4194,-19,5
2196,-41,5,4195,-19,5
2197,-41,5,4196,-20,5
2198,-41,5,4197,-21,5
2199,-41,5,4198,-22,5
2200,-41,5,4199,-22,5
2201,-41,5,4200,-21,5
2202,-39,5,4201,-19,5
2203,-34,5,4202,-18,5
2204,-31,5,4203,-19,5
2205,-28,5,4204,-20,5
2206,-27,5,4205,-22,5
2207,-24,5,4206,-21,5
2208,-22,5,4207,-21,5
2209,-21,5,4208,-20,5
2210,-20,5,4209,-19,5
2211,-18,5,4210,-17,5
2212,-16,5,4211,-14,5
2213,-16,5,4212,-11,5
2214,-17,5,4213,-7,5
2215,-18,5,4214,-2,5
2216,-18,5,4215,7,5
2217,-18,5,4216,26,5
2218,-17,5,4217,50,5
2219,-17,5,4218,79,5
2220,-16,5,4219,116,5
2221,-15,5,4220,160,5
2222,-15,5,4221,196,5
2223,-15,5,4222,196,5
2224,-15,5,4223,196,5
2225,-15,5,4224,196,5
2226,-15,5,4225,196,5
2227,-14,5,4226,196,5
2228,-14,5,4227,196,5
2229,-14,5,4228,196,5
2230,-13,5,4229,196,5
2231,-12,5,4230,180,5
2232,-11,5,4231,101,5
2233,-9,5,4232,39,5
2234,-9,5,4233,-7,5
2235,-9,5,4234,-39,5
2236,-9,5,4235,-41,5
2237,-9,5,4236,-41,5
2238,-9,5,4237,-41,5
2239,-9,5,4238,-41,5
2240,-10,5,4239,-41,5
2241,-9,5,4240,-41,5
2242,-10,5,4241,-40,5
2243,-10,5,4242,-34,5
2244,-10,5,4243,-29,5
2245,-10,5,4244,-25,5
2246,-8,5,4245,-24,5
2247,-7,5,4246,-25,5
2248,-7,5,4247,-25,5
2249,-7,5,4248,-23,5
2250,-9,5,4249,-22,5
2251,-9,5,4250,-21,5
2252,-11,5,4251,-20,5
2253,-9,5,4252,-19,5
2254,-8,5,4253,-19,5
2255,-8,5,4254,-19,5
2256,-8,5,4255,-17,5
2257,-7,5,4256,-17,5
2258,-6,5,4257,-17,5
2259,-5,5,4258,-17,5
2260,-4,5,4259,-15,5
2261,-4,5,4260,-16,5
2262,-5,5,4261,-17,5
2263,-4,5,4262,-18,5
2264,-2,5,4263,-17,5
2265,-3,5,4264,-15,5
2266,-3,5,4265,-14,5
2267,-3,5,4266,-13,5
2268,-2,5,4267,-12,5
2269,0,5,4268,-12,5
2270,0,5,4269,-12,5
2271,0,5,4270,-11,5
2272,1,5,4271,-10,5
2273,0,5,4272,-10,5
2274,-1,5,4273,-10,5
2275,-1,5,4274,-10,5
2276,-1,5,4275,-11,5
2277,-1,5,4276,-10,5
2278,-3,5,4277,-10,5
2279,-2,5,4278,-9,5
2280,0,5,4279,-9,5
2281,1,5,4280,-8,5
2282,2,5,4281,-8,5
2283,4,5,4282,-7,5
2284,6,5,4283,-6,5
2285,7,5,4284,-6,5
2286,8,5,4285,-6,5
2287,9,5,4286,-7,5
2288,10,5,4287,-8,5
2289,11,5,4288,-9,5
2290,11,5,4289,-8,5
2291,12,5,4290,-8,5
2292,12,5,4291,-8,5
2293,14,5,4292,-7,5
2294,16,5,4293,-7,5
2295,17,5,4294,-7,5
2296,19,5,4295,-7,5
2297,20,5,4296,-6,5
2298,21,5,4297,-5,5
2299,23,5,4298,-4,5
2300,25,5,4299,-5,5
2301,26,5,4300,-6,5
2302,27,5,4301,-4,5
2303,27,5,4302,-4,5
2304,30,5,4303,-3,5
2305,31,5,4304,-3,5
2306,33,5,4305,-3,5
2307,34,5,4306,-3,5
2308,36,5,4307,-3,5
2309,38,5,4308,-4,5
2310,39,5,4309,-4,5
2311,42,5,4310,-3,5
2312,44,5,4311,-2,5
2313,46,5,4312,-1,5
2314,49,5,4313,0,5
2315,52,5,4314,1,5
2316,53,5,4315,1,5
2317,55,5,4316,1,5
2318,57,5,4317,1,5
2319,59,5,4318,1,5
2320,60,5,4319,1,5
2321,62,5,4320,4,5
2322,64,5,4321,6,5
2323,65,5,4322,8,5
2324,64,5,4323,9,5
2325,65,5,4324,8,5
2326,65,5,4325,8,5
2327,65,5,4326,9,5
2328,64,5,4327,11,5
2329,63,5,4328,12,5
2330,65,5,4329,13,5
2331,66,5,4330,14,5
2332,65,5,4331,14,5
2333,64,5,4332,14,5
2334,62,5,4333,14,5
2335,60,5,4334,16,5
2336,59,5,4335,17,5
2337,56,5,4336,18,5
2338,56,5,4337,19,5
2339,55,5,4338,22,5
2340,53,5,4339,24,5
2341,51,5,4340,25,5
2342,48,5,4341,26,5
2343,44,5,4342,28,5
2344,41,5,4343,30,5
2345,38,5,4344,32,5
2346,34,5,4345,34,5
2347,30,5,4346,37,5
2348,27,5,4347,39,5
2349,26,5,4348,40,5
2350,24,5,4349,42,5
2351,22,5,4350,43,5
2352,18,5,4351,45,5
2353,14,5,4352,48,5
2354,12,5,4353,49,5
2355,10,5,4354,51,5
2356,9,5,4355,54,5
2357,7,5,4356,57,5
2358,6,5,4357,59,5
2359,4,5,4358,60,5
2360,3,5,4359,61,5
2361,1,5,4360,63,5
2362,0,5,4361,64,5
2363,-3,5,4362,65,5
2364,-5,5,4363,67,5
2365,-7,5,4364,69,5
2366,-9,5,4365,69,5
2367,-11,5,4366,69,5
2368,-12,5,4367,70,5
2369,-12,5,4368,69,5
2370,-13,5,4369,69,5
2371,-13,5,4370,68,5
2372,-14,5,4371,67,5
2373,-14,5,4372,67,5
2374,-14,5,4373,67,5
2375,-14,5,4374,65,5
2376,-14,5,4375,63,5
2377,-15,5,4376,61,5
2378,-16,5,4377,59,5
2379,-16,5,4378,57,5
2380,-15,5,4379,55,5
2381,-16,5,4380,52,5
2382,-16,5,4381,50,5
2383,-16,5,4382,48,5
2384,-17,5,4383,45,5
2385,-18,5,4384,42,5
2386,-19,5,4385,40,5
2387,-19,5,4386,37,5
2388,-18,5,4387,34,5
2389,-19,5,4388,32,5
2390,-19,5,4389,29,5
2391,-20,5,4390,24,5
2392,-20,5,4391,19,5
2393,-20,5,4392,16,5
2394,-21,5,4393,12,5
2395,-21,5,4394,9,5
2396,-22,5,4395,6,5
2397,-22,5,4396,5,5
2398,-23,5,4397,3,5
2399,-24,5,4398,1,5
2400,-24,5,4399,0,5
2401,-25,5,4400,-1,5
2402,-25,5,4401,-2,5
2403,-25,5,4402,-3,5
2404,-26,5,4403,-5,5
2405,-27,5,4404,-7,5
2406,-27,5,4405,-9,5
2407,-26,5,4406,-10,5
2408,-26,5,4407,-10,5
2409,-27,5,4408,-11,5
2410,-26,5,4409,-13,5
2411,-27,5,4410,-14,5
2412,-27,5,4411,-14,5
2413,-27,5,4412,-15,5
2414,-28,5,4413,-17,5
2415,-27,5,4414,-17,5
2416,-26,5,4415,-17,5
2417,-26,5,4416,-17,5
2418,-26,5,4417,-18,5
2419,-26,5,4418,-17,5
2420,-25,5,4419,-17,5
2421,-24,5,4420,-19,5
2422,-23,5,4421,-19,5
2423,-23,5,4422,-20,5
2424,-24,5,4423,-20,5
2425,-24,5,4424,-19,5
2426,-25,5,4425,-19,5
2427,-26,5,4426,-21,5
2428,-25,5,4427,-22,5
2429,-25,5,4428,-21,5
2430,-25,5,4429,-20,5
2431,-24,5,4430,-19,5
2432,-24,5,4431,-20,5
2433,-24,5,4432,-20,5
2434,-23,5,4433,-20,5
2435,-22,5,4434,-21,5
2436,-20,5,4435,-22,5
2437,-18,5,4436,-22,5
2438,-18,5,4437,-22,5
2439,-18,5,4438,-22,5
2440,-18,5,4439,-24,5
2441,-18,5,4440,-26,5
2442,-19,5,4441,-26,5
2443,-19,5,4442,-25,5
2444,-17,5,4443,-25,5
2445,-16,5,4444,-26,5
2446,-16,5,4445,-26,5
2447,-16,5,4446,-26,5
2448,-16,5,4447,-26,5
2449,-17,5,4448,-26,5
2450,-16,5,4449,-26,5
2451,-16,5,4450,-27,5
2452,-15,5,4451,-26,5
2453,-16,5,4452,-25,5
2454,-16,5,4453,-27,5
2455,-16,5,4454,-28,5
2456,-14,5,4455,-27,5
2457,-12,5,4456,-28,5
2458,-11,5,4457,-30,5
2459,-11,5,4458,-28,5
2460,-10,5,4459,-27,5
2461,-12,5,4460,-27,5
2462,-14,5,4461,-26,5
2463,-16,5,4462,-26,5
2464,-17,5,4463,-25,5
2465,-18,5,4464,-25,5
2466,-19,5,4465,-25,5
2467,-17,5,4466,-24,5
2468,-16,5,4467,-23,5
2469,-14,5,4468,-24,5
2470,-12,5,4469,-25,5
2471,-11,5,4470,-25,5
2472,-11,5,4471,-25,5
2473,-12,5,4472,-25,5
2474,-13,5,4473,-24,5
2475,-13,5,4474,-22,5
2476,-13,5,4475,-22,5
2477,-14,5,4476,-22,5
2478,-17,5,4477,-22,5
2479,-19,5,4478,-21,5
2480,-19,5,4479,-21,5
2481,-18,5,4480,-21,5
2482,-16,5,4481,-22,5
2483,-16,5,4482,-20,5
2484,-16,5,4483,-18,5
2485,-17,5,4484,-18,5
2486,-15,5,4485,-18,5
2487,-15,5,4486,-19,5
2488,-15,5,4487,-19,5
2489,-15,5,4488,-18,5
2490,-14,5,4489,-18,5
2491,-15,5,4490,-17,5
2492,-15,5,4491,-17,5
2493,-14,5,4492,-17,5
2494,-15,5,4493,-17,5
2495,-15,5,4494,-18,5
2496,-15,5,4495,-20,5
2497,-14,5,4496,-20,5
2498,-14,5,4497,-20,5
2499,-15,5,4498,-20,5
2500,-14,5,4499,-21,5
2501,-15,5,4500,-21,5
2502,-16,5,4501,-18,5
2503,-16,5,4502,-17,5
2504,-17,5,4503,-17,5
2505,-16,5,4504,-16,5
2506,-16,5,4505,-16,5
2507,-18,5,4506,-16,5
2508,-18,5,4507,-16,5
2509,-17,5,4508,-15,5
2510,-16,5,4509,-15,5
2511,-16,5,4510,-15,5
2512,-16,5,4511,-14,5
2513,-16,5,4512,-13,5
2514,-16,5,4513,-13,5
2515,-15,5,4514,-13,5
2516,-14,5,4515,-14,5
2517,-15,5,4516,-16,5
2518,-15,5,4517,-17,5
2519,-16,5,4518,-18,5
2520,-17,5,4519,-18,5
2521,-17,5,4520,-18,5
2522,-16,5,4521,-17,5
2523,-16,5,4522,-18,5
2524,-15,5,4523,-20,5
2525,-15,5,4524,-21,5
2526,-17,5,4525,-20,5
2527,-18,5,4526,-19,5
2528,-17,5,4527,-19,5
2529,-16,5,4528,-17,5
2530,-16,5,4529,-17,5
2531,-16,5,4530,-18,5
2532,-15,5,4531,-19,5
2533,-15,5,4532,-19,5
2534,-15,5,4533,-17,5
2535,-14,5,4534,-16,5
2536,-14,5,4535,-18,5
2537,-13,5,4536,-18,5
2538,-12,5,4537,-18,5
2539,-12,5,4538,-20,5
2540,-13,5,4539,-20,5
2541,-13,5,4540,-21,5
2542,-12,5,4541,-21,5
2543,-12,5,4542,-21,5
2544,-12,5,4543,-20,5
2545,-13,5,4544,-20,5
2546,-14,5,4545,-20,5
2547,-14,5,4546,-19,5
2548,-14,5,4547,-18,5
2549,-14,5,4548,-17,5
2550,-14,5,4549,-17,5
2551,-12,5,4550,-18,5
2552,-11,5,4551,-19,5
2553,-12,5,4552,-19,5
2554,-13,5,4553,-19,5
2555,-13,5,4554,-19,5
2556,-12,5,4555,-20,5
2557,-13,5,4556,-22,5
2558,-14,5,4557,-21,5
2559,-15,5,4558,-21,5
2560,-15,5,4559,-22,5
2561,-13,5,4560,-21,5
2562,-13,5,4561,-21,5
2563,-13,5,4562,-21,5
2564,-12,5,4563,-21,5
2565,-12,5,4564,-20,5
2566,-12,5,4565,-21,5
2567,-12,5,4566,-21,5
2568,-12,5,4567,-21,5
2569,-11,5,4568,-20,5
2570,-10,5,4569,-19,5
2571,-10,5,4570,-20,5
2572,-11,5,4571,-19,5
2573,-12,5,4572,-19,5
2574,-12,5,4573,-19,5
2575,-13,5,4574,-19,5
2576,-12,5,4575,-19,5
2577,-12,5,4576,-19,5
2578,-12,5,4577,-19,5
2579,-12,5,4578,-18,5
2580,-11,5,4579,-18,5
2581,-11,5,4580,-20,5
2582,-10,5,4581,-20,5
2583,-10,5,4582,-21,5
2584,-11,5,4583,-22,5
2585,-13,5,4584,-22,5
2586,-13,5,4585,-22,5
2587,-14,5,4586,-20,5
2588,-13,5,4587,-19,5
2589,-11,5,4588,-20,5
2590,-11,5,4589,-20,5
2591,-11,5,4590,-21,5
2592,-10,5,4591,-21,5
2593,-11,5,4592,-21,5
2594,-10,5,4593,-20,5
2595,-10,5,4594,-18,5
2596,-12,5,4595,-18,5
2597,-12,5,4596,-18,5
2598,-13,5,4597,-19,5
2599,-13,5,4598,-19,5
2600,-12,5,4599,-19,5
2601,-11,5,4600,-19,5
2602,-11,5,4601,-20,5
2603,-11,5,4602,-20,5
2604,-11,5,4603,-21,5
2605,-12,5,4604,-22,5
2606,-11,5,4605,-22,5
2607,-10,5,4606,-22,5
2608,-9,5,4607,-22,5
2609,-9,5,4608,-21,5
2610,-9,5,4609,-20,5
2611,-9,5,4610,-20,5
2612,-8,5,4611,-20,5
2613,-8,5,4612,-20,5
2614,-8,5,4613,-19,5
2615,-9,5,4614,-19,5
2616,-9,5,4615,-20,5
2617,-9,5,4616,-21,5
2618,-9,5,4617,-22,5
2619,-9,5,4618,-21,5
2620,-9,5,4619,-21,5
2621,-8,5,4620,-20,5
2622,-8,5,4621,-20,5
2623,-9,5,4622,-19,5
2624,-9,5,4623,-19,5
2625,-9,5,4624,-20,5
2626,-9,5,4625,-21,5
2627,-9,5,4626,-21,5
2628,-9,5,4627,-21,5
2629,-10,5,4628,-21,5
2630,-11,5,4629,-19,5
2631,-9,5,4630,-17,5
2632,-8,5,4631,-17,5
2633,-8,5,4632,-18,5
2634,-8,5,4633,-19,5
2635,-7,5,4634,-19,5
2636,-7,5,4635,-18,5
2637,-6,5,4636,-18,5
2638,-5,5,4637,-18,5
2639,-4,5,4638,-19,5
2640,-4,5,4639,-19,5
2641,-4,5,4640,-18,5
2642,-4,5,4641,-20,5
2643,-4,5,4642,-20,5
2644,-4,5,4643,-20,5
2645,-6,5,4644,-20,5
2646,-7,5,4645,-21,5
2647,-8,5,4646,-22,5
2648,-11,5,4647,-21,5
2649,-15,5,4648,-20,5
2650,-18,5,4649,-19,5
2651,-20,5,4650,-17,5
2652,-21,5,4651,-17,5
2653,-20,5,4652,-19,5
2654,-20,5,4653,-19,5
2655,-20,5,4654,-18,5
2656,-20,5,4655,-16,5
2657,-20,5,4656,-14,5
2658,-20,5,4657,-13,5
2659,-19,5,4658,-14,5
2660,-20,5,4659,-14,5
2661,-20,5,4660,-15,5
2662,-21,5,4661,-15,5
2663,-22,5,4662,-16,5
2664,-22,5,4663,-15,5
2665,-20,5,4664,-15,5
2666,-20,5,4665,-13,5
2667,-21,5,4666,-12,5
2668,-21,5,4667,-13,5
2669,-22,5,4668,-12,5
2670,-22,5,4669,-11,5
2671,-22,5,4670,-11,5
2672,-22,5,4671,-12,5
2673,-23,5,4672,-11,5
2674,-22,5,4673,-11,5
2675,-21,5,4674,-12,5
2676,-21,5,4675,-13,5
2677,-21,5,4676,-14,5
2678,-20,5,4677,-15,5
2679,-18,5,4678,-15,5
2680,-15,5,4679,-15,5
2681,-14,5,4680,-14,5
2682,-12,5,4681,-13,5
2683,-8,5,4682,-13,5
2684,1,5,4683,-13,5
2685,19,5,4684,-13,5
2686,46,5,4685,-11,5
2687,78,5,4686,-10,5
2688,118,5,4687,-10,5
2689,162,5,4688,-9,5
2690,196,5,4689,-9,5
2691,196,5,4690,-9,5
2692,196,5,4691,-9,5
2693,196,5,4692,-11,5
2694,196,5,4693,-13,5
2695,196,5,4694,-15,5
2696,196,5,4695,-17,5
2697,196,5,4696,-18,5
2698,196,5,4697,-19,5
2699,161,5,4698,-21,5
2700,84,5,4699,-23,5
2701,22,5,4700,-26,5
2702,-23,5,4701,-28,5
2703,-41,5,4702,-28,5
2704,-41,5,4703,-27,5
2705,-41,5,4704,-26,5
2706,-41,5,4705,-25,5
2707,-41,5,4706,-25,5
2708,-41,5,4707,-25,5
2709,-41,5,4708,-26,5
2710,-41,5,4709,-27,5
2711,-40,5,4710,-27,5
2712,-35,5,4711,-27,5
2713,-32,5,4712,-25,5
2714,-29,5,4713,-26,5
2715,-28,5,4714,-28,5
2716,-26,5,4715,-27,5
2717,-26,5,4716,-27,5
2718,-25,5,4717,-28,5
2719,-22,5,4718,-27,5
2720,-19,5,4719,-26,5
2721,-18,5,4720,-24,5
2722,-16,5,4721,-24,5
2723,-16,5,4722,-25,5
2724,-17,5,4723,-27,5
2725,-17,5,4724,-26,5
2726,-17,5,4725,-25,5
2727,-16,5,4726,-25,5
2728,-16,5,4727,-24,5
2729,-16,5,4728,-23,5
2730,-16,5,4729,-21,5
2731,-17,5,4730,-18,5
2732,-17,5,4731,-15,5
2733,-17,5,4732,-9,5
2734,-17,5,4733,4,5
2735,-15,5,4734,25,5
2736,-12,5,4735,51,5
2737,-12,5,4736,84,5
2738,-11,5,4737,126,5
2739,-11,5,4738,174,5
2740,-11,5,4739,196,5
2741,-10,5,4740,196,5
2742,-10,5,4741,196,5
2743,-10,5,4742,196,5
2744,-9,5,4743,196,5
2745,-9,5,4744,196,5
2746,-9,5,4745,196,5
2747,-9,5,4746,196,5
2748,-9,5,4747,196,5
2749,-9,5,4748,156,5
2750,-9,5,4749,82,5
2751,-9,5,4750,24,5
2752,-10,5,4751,-19,5
2753,-10,5,4752,-41,5
2754,-10,5,4753,-41,5
2755,-9,5,4754,-41,5
2756,-8,5,4755,-41,5
2757,-7,5,4756,-41,5
2758,-6,5,4757,-41,5
2759,-6,5,4758,-41,5
2760,-8,5,4759,-41,5
2761,-9,5,4760,-40,5
2762,-7,5,4761,-36,5
2763,-7,5,4762,-35,5
2764,-6,5,4763,-33,5
2765,-6,5,4764,-32,5
2766,-6,5,4765,-31,5
2767,-6,5,4766,-29,5
2768,-6,5,4767,-28,5
2769,-5,5,4768,-26,5
2770,-4,5,4769,-25,5
2771,-4,5,4770,-24,5
2772,-4,5,4771,-23,5
2773,-3,5,4772,-22,5
2774,-2,5,4773,-22,5
2775,-1,5,4774,-23,5
2776,-1,5,4775,-23,5
2777,-1,5,4776,-23,5
2778,-1,5,4777,-23,5
2779,-2,5,4778,-23,5
2780,0,5,4779,-23,5
2781,0,5,4780,-22,5
2782,1,5,4781,-21,5
2783,0,5,4782,-20,5
2784,0,5,4783,-20,5
2785,0,5,4784,-20,5
2786,0,5,4785,-19,5
2787,3,5,4786,-19,5
2788,6,5,4787,-18,5
2789,7,5,4788,-17,5
2790,7,5,4789,-17,5
2791,7,5,4790,-17,5
2792,8,5,4791,-16,5
2793,8,5,4792,-16,5
2794,9,5,4793,-15,5
2795,10,5,4794,-15,5
2796,12,5,4795,-14,5
2797,14,5,4796,-13,5
2798,14,5,4797,-13,5
2799,15,5,4798,-13,5
2800,18,5,4799,-12,5
2801,21,5,4800,-13,5
2802,23,5,4801,-14,5
2803,24,5,4802,-14,5
2804,25,5,4803,-15,5
2805,26,5,4804,-16,5
2806,27,5,4805,-14,5
2807,28,5,4806,-14,5
2808,29,5,4807,-14,5
2809,31,5,4808,-13,5
2810,33,5,4809,-13,5
2811,33,5,4810,-13,5
2812,35,5,4811,-11,5
2813,37,5,4812,-9,5
2814,39,5,4813,-9,5
2815,42,5,4814,-9,5
2816,44,5,4815,-9,5
2817,45,5,4816,-11,5
2818,46,5,4817,-11,5
2819,46,5,4818,-11,5
2820,49,5,4819,-10,5
2821,51,5,4820,-10,5
2822,54,5,4821,-11,5
2823,56,5,4822,-11,5
2824,58,5,4823,-12,5
2825,60,5,4824,-12,5
2826,61,5,4825,-10,5
2827,63,5,4826,-8,5
2828,64,5,4827,-7,5
2829,64,5,4828,-6,5
2830,66,5,4829,-4,5
2831,67,5,4830,-4,5
2832,67,5,4831,-4,5
2833,67,5,4832,-4,5
2834,67,5,4833,-5,5
2835,68,5,4834,-5,5
2836,68,5,4835,-5,5
2837,68,5,4836,-4,5
2838,69,5,4837,-4,5
2839,69,5,4838,-2,5
2840,69,5,4839,0,5
2841,68,5,4840,1,5
2842,67,5,4841,3,5
2843,66,5,4842,3,5
2844,65,5,4843,3,5
2845,63,5,4844,3,5
2846,61,5,4845,3,5
2847,58,5,4846,4,5
2848,57,5,4847,5,5
2849,53,5,4848,7,5
2850,48,5,4849,10,5
2851,44,5,4850,11,5
2852,40,5,4851,12,5
2853,37,5,4852,13,5
2854,34,5,4853,14,5
2855,33,5,4854,15,5
2856,31,5,4855,18,5
2857,29,5,4856,20,5
2858,26,5,4857,21,5
2859,23,5,4858,23,5
2860,20,5,4859,25,5
2861,17,5,4860,27,5
2862,14,5,4861,28,5
2863,11,5,4862,31,5
2864,9,5,4863,33,5
2865,7,5,4864,35,5
2866,6,5,4865,36,5
2867,5,5,4866,37,5
2868,2,5,4867,39,5
2869,0,5,4868,40,5
2870,-2,5,4869,41,5
2871,-2,5,4870,43,5
2872,-6,5,4871,45,5
2873,-8,5,4872,47,5
2874,-9,5,4873,49,5
2875,-11,5,4874,51,5
2876,-12,5,4875,54,5
2877,-11,5,4876,56,5
2878,-11,5,4877,58,5
2879,-12,5,4878,59,5
2880,-12,5,4879,61,5
2881,-14,5,4880,63,5
2882,-15,5,4881,65,5
2883,-16,5,4882,67,5
2884,-17,5,4883,66,5
2885,-18,5,4884,66,5
2886,-19,5,4885,67,5
2887,-18,5,4886,67,5
2888,-17,5,4887,67,5
2889,-16,5,4888,67,5
2890,-16,5,4889,67,5
2891,-18,5,4890,66,5
2892,-19,5,4891,64,5
2893,-20,5,4892,62,5
2894,-21,5,4893,59,5
2895,-20,5,4894,59,5
2896,-21,5,4895,59,5
2897,-23,5,4896,58,5
2898,-23,5,4897,56,5
2899,-22,5,4898,54,5
2900,-22,5,4899,51,5
2901,-24,5,4900,48,5
2902,-24,5,4901,46,5
2903,-24,5,4902,44,5
2904,-23,5,4903,41,5
2905,-23,5,4904,38,5
2906,-23,5,4905,35,5
2907,-24,5,4906,31,5
2908,-25,5,4907,27,5
2909,-25,5,4908,25,5
2910,-26,5,4909,23,5
2911,-24,5,4910,19,5
2912,-24,5,4911,15,5
2913,-23,5,4912,13,5
2914,-23,5,4913,11,5
2915,-23,5,4914,8,5
2916,-24,5,4915,4,5
2917,-26,5,4916,1,5
2918,-26,5,4917,-1,5
2919,-26,5,4918,-4,5
2920,-25,5,4919,-6,5
2921,-23,5,4920,-7,5
2922,-22,5,4921,-8,5
2923,-22,5,4922,-10,5
2924,-22,5,4923,-12,5
2925,-22,5,4924,-12,5
2926,-22,5,4925,-12,5
2927,-22,5,4926,-12,5
2928,-21,5,4927,-13,5
2929,-21,5,4928,-14,5
2930,-21,5,4929,-16,5
2931,-22,5,4930,-15,5
2932,-21,5,4931,-15,5
2933,-20,5,4932,-16,5
2934,-20,5,4933,-17,5
2935,-21,5,4934,-18,5
2936,-19,5,4935,-18,5
2937,-18,5,4936,-19,5
2938,-16,5,4937,-20,5
2939,-15,5,4938,-20,5
2940,-15,5,4939,-21,5
2941,-14,5,4940,-21,5
2942,-13,5,4941,-21,5
2943,-12,5,4942,-21,5
2944,-12,5,4943,-21,5
2945,-14,5,4944,-21,5
2946,-13,5,4945,-22,5
2947,-13,5,4946,-21,5
2948,-13,5,4947,-21,5
2949,-12,5,4948,-21,5
2950,-10,5,4949,-22,5
2951,-9,5,4950,-22,5
2952,-7,5,4951,-22,5
2953,-7,5,4952,-24,5
2954,-9,5,4953,-24,5
2955,-11,5,4954,-24,5
2956,-12,5,4955,-25,5
2957,-11,5,4956,-24,5
2958,-11,5,4957,-24,5
2959,-11,5,4958,-24,5
2960,-11,5,4959,-24,5
2961,-11,5,4960,-24,5
2962,-11,5,4961,-25,5
2963,-11,5,4962,-26,5
2964,-11,5,4963,-26,5
2965,-11,5,4964,-25,5
2966,-11,5,4965,-24,5
2967,-11,5,4966,-24,5
2968,-12,5,4967,-24,5
2969,-12,5,4968,-24,5
2970,-11,5,4969,-25,5
2971,-10,5,4970,-27,5
2972,-9,5,4971,-27,5
2973,-9,5,4972,-28,5
2974,-10,5,4973,-28,5
2975,-10,5,4974,-29,5
2976,-11,5,4975,-29,5
2977,-9,5,4976,-29,5
2978,-8,5,4977,-28,5
2979,-8,5,4978,-28,5
2980,-9,5,4979,-29,5
2981,-9,5,4980,-28,5
2982,-9,5,4981,-27,5
2983,-11,5,4982,-26,5
2984,-12,5,4983,-27,5
2985,-12,5,4984,-26,5
2986,-12,5,4985,-25,5
2987,-13,5,4986,-25,5
2988,-13,5,4987,-25,5
2989,-12,5,4988,-26,5
2990,-12,5,4989,-26,5
2991,-11,5,4990,-26,5
2992,-10,5,4991,-26,5
2993,-9,5,4992,-26,5
2994,-10,5,4993,-26,5
2995,-11,5,4994,-26,5
2996,-11,5,4995,-26,5
2997,-12,5,4996,-26,5
2998,-13,5,4997,-24,5
2999,-15,5,4998,-23,5
3000,-14,5,4999,-22,5
